Date,Open,High,Low,Close,Volume
2016-08-22 00:00:00+02:00,5.300000190734863,5.329999923706055,5.260000228881836,5.309999942779541,249071
2016-08-23 00:00:00+02:00,5.300000190734863,5.309999942779541,5.210000038146973,5.260000228881836,425524
2016-08-24 00:00:00+02:00,5.190000057220459,5.329999923706055,5.190000057220459,5.300000190734863,346044
2016-08-25 00:00:00+02:00,5.349999904632568,5.349999904632568,5.260000228881836,5.260000228881836,359444
2016-08-26 00:00:00+02:00,5.300000190734863,5.480000019073486,5.21999979019165,5.449999809265137,2267500
2016-08-29 00:00:00+02:00,5.480000019073486,5.570000171661377,5.449999809265137,5.550000190734863,405406
2016-08-30 00:00:00+02:00,5.570000171661377,5.800000190734863,5.53000020980835,5.78000020980835,1458136
2016-08-31 00:00:00+02:00,5.78000020980835,5.789999961853027,5.690000057220459,5.789999961853027,844519
2016-09-01 00:00:00+02:00,5.800000190734863,5.849999904632568,5.699999809265137,5.739999771118164,1989415
2016-09-02 00:00:00+02:00,5.75,5.769999980926514,5.559999942779541,5.599999904632568,727984
2016-09-05 00:00:00+02:00,5.570000171661377,5.75,5.5,5.570000171661377,450616
2016-09-06 00:00:00+02:00,5.570000171661377,5.690000057220459,5.480000019073486,5.559999942779541,723526
2016-09-07 00:00:00+02:00,5.559999942779541,5.78000020980835,5.559999942779541,5.699999809265137,1653324
2016-09-08 00:00:00+02:00,5.699999809265137,5.800000190734863,5.699999809265137,5.710000038146973,1782423
2016-09-09 00:00:00+02:00,5.739999771118164,5.809999942779541,5.670000076293945,5.670000076293945,910306
2016-09-12 00:00:00+02:00,5.599999904632568,5.619999885559082,5.539999961853027,5.599999904632568,605237
2016-09-13 00:00:00+02:00,5.630000114440918,5.690000057220459,5.599999904632568,5.650000095367432,506987
2016-09-14 00:00:00+02:00,5.5,5.679999828338623,5.5,5.510000228881836,1408390
2016-09-15 00:00:00+02:00,5.579999923706055,5.579999923706055,5.5,5.550000190734863,728440
2016-09-16 00:00:00+02:00,5.53000020980835,5.699999809265137,5.53000020980835,5.599999904632568,5639905
2016-09-19 00:00:00+02:00,5.650000095367432,5.650000095367432,5.480000019073486,5.510000228881836,650239
2016-09-20 00:00:00+02:00,5.519999980926514,5.599999904632568,5.5,5.599999904632568,1539465
2016-09-21 00:00:00+02:00,5.659999847412109,5.739999771118164,5.599999904632568,5.659999847412109,1965209
2016-09-22 00:00:00+02:00,5.650000095367432,5.769999980926514,5.599999904632568,5.769999980926514,947003
2016-09-23 00:00:00+02:00,5.769999980926514,5.769999980926514,5.5,5.599999904632568,660232
2016-09-26 00:00:00+02:00,5.599999904632568,5.610000133514404,5.5,5.599999904632568,2847589
2016-09-27 00:00:00+02:00,5.599999904632568,5.75,5.590000152587891,5.679999828338623,1542257
2016-09-28 00:00:00+02:00,5.690000057220459,5.71999979019165,5.599999904632568,5.679999828338623,669762
2016-09-29 00:00:00+02:00,5.659999847412109,5.71999979019165,5.519999980926514,5.670000076293945,2211073
2016-09-30 00:00:00+02:00,5.659999847412109,5.75,5.5,5.610000133514404,1457267
2016-10-03 00:00:00+02:00,5.639999866485596,5.739999771118164,5.619999885559082,5.619999885559082,270358
2016-10-04 00:00:00+02:00,5.650000095367432,5.760000228881836,5.650000095367432,5.710000038146973,1038597
2016-10-05 00:00:00+02:00,5.699999809265137,5.940000057220459,5.699999809265137,5.900000095367432,2226991
2016-10-06 00:00:00+02:00,5.900000095367432,5.920000076293945,5.809999942779541,5.809999942779541,374242
2016-10-07 00:00:00+02:00,5.800000190734863,5.860000133514404,5.760000228881836,5.849999904632568,574842
2016-10-10 00:00:00+02:00,5.760000228881836,5.849999904632568,5.760000228881836,5.820000171661377,474030
2016-10-11 00:00:00+02:00,5.769999980926514,5.980000019073486,5.769999980926514,5.940000057220459,1495441
2016-10-12 00:00:00+02:00,5.869999885559082,5.929999828338623,5.849999904632568,5.880000114440918,398726
2016-10-13 00:00:00+02:00,5.860000133514404,5.900000095367432,5.71999979019165,5.78000020980835,837862
2016-10-14 00:00:00+02:00,5.789999961853027,5.860000133514404,5.75,5.769999980926514,293209
2016-10-17 00:00:00+02:00,5.800000190734863,5.809999942779541,5.75,5.769999980926514,313107
2016-10-18 00:00:00+02:00,5.800000190734863,5.949999809265137,5.800000190734863,5.929999828338623,1795697
2016-10-19 00:00:00+02:00,5.880000114440918,5.949999809265137,5.760000228881836,5.920000076293945,3399487
2016-10-20 00:00:00+02:00,5.880000114440918,5.929999828338623,5.78000020980835,5.809999942779541,1168330
2016-10-21 00:00:00+02:00,5.829999923706055,5.889999866485596,5.820000171661377,5.860000133514404,567289
2016-10-24 00:00:00+02:00,5.809999942779541,5.909999847412109,5.809999942779541,5.880000114440918,833849
2016-10-25 00:00:00+02:00,5.880000114440918,5.949999809265137,5.860000133514404,5.860000133514404,646421
2016-10-26 00:00:00+02:00,5.880000114440918,5.909999847412109,5.730000019073486,5.730000019073486,610578
2016-10-27 00:00:00+02:00,5.760000228881836,5.880000114440918,5.730000019073486,5.880000114440918,1675358
2016-10-28 00:00:00+02:00,5.920000076293945,5.920000076293945,5.800000190734863,5.889999866485596,312003
2016-10-31 00:00:00+01:00,5.900000095367432,5.900000095367432,5.650000095367432,5.769999980926514,728619
2016-11-02 00:00:00+01:00,5.75,5.75,5.559999942779541,5.690000057220459,411384
2016-11-03 00:00:00+01:00,5.619999885559082,5.71999979019165,5.599999904632568,5.710000038146973,242339
2016-11-04 00:00:00+01:00,5.630000114440918,5.679999828338623,5.579999923706055,5.599999904632568,514554
2016-11-07 00:00:00+01:00,5.650000095367432,5.699999809265137,5.610000133514404,5.610000133514404,455448
2016-11-08 00:00:00+01:00,5.690000057220459,5.71999979019165,5.610000133514404,5.690000057220459,521891
2016-11-09 00:00:00+01:00,5.510000228881836,5.800000190734863,5.269999980926514,5.800000190734863,587806
2016-11-10 00:00:00+01:00,5.889999866485596,5.889999866485596,5.670000076293945,5.670000076293945,851521
2016-11-14 00:00:00+01:00,5.690000057220459,5.690000057220459,5.409999847412109,5.460000038146973,792076
2016-11-15 00:00:00+01:00,5.489999771118164,5.590000152587891,5.480000019073486,5.53000020980835,496765
2016-11-16 00:00:00+01:00,5.5,5.539999961853027,5.449999809265137,5.5,464196
2016-11-17 00:00:00+01:00,5.489999771118164,5.519999980926514,5.360000133514404,5.360000133514404,614286
2016-11-18 00:00:00+01:00,5.409999847412109,5.409999847412109,5.199999809265137,5.199999809265137,586972
2016-11-21 00:00:00+01:00,5.25,5.25,5.150000095367432,5.159999847412109,819923
2016-11-22 00:00:00+01:00,5.190000057220459,5.300000190734863,5.170000076293945,5.300000190734863,655497
2016-11-23 00:00:00+01:00,5.300000190734863,5.400000095367432,5.300000190734863,5.400000095367432,549508
2016-11-24 00:00:00+01:00,5.340000152587891,5.409999847412109,5.340000152587891,5.409999847412109,199682
2016-11-25 00:00:00+01:00,5.349999904632568,5.380000114440918,5.150000095367432,5.239999771118164,738496
2016-11-28 00:00:00+01:00,5.190000057220459,5.25,5.099999904632568,5.25,511754
2016-11-29 00:00:00+01:00,5.28000020980835,5.28000020980835,5.090000152587891,5.099999904632568,565167
2016-11-30 00:00:00+01:00,5.119999885559082,5.300000190734863,5.119999885559082,5.300000190734863,823383
2016-12-01 00:00:00+01:00,5.300000190734863,5.329999923706055,5.130000114440918,5.130000114440918,481421
2016-12-02 00:00:00+01:00,5.159999847412109,5.179999828338623,5.130000114440918,5.130000114440918,567471
2016-12-05 00:00:00+01:00,5.199999809265137,5.239999771118164,5.110000133514404,5.170000076293945,531170
2016-12-06 00:00:00+01:00,5.170000076293945,5.389999866485596,5.170000076293945,5.360000133514404,1372239
2016-12-07 00:00:00+01:00,5.409999847412109,5.409999847412109,5.289999961853027,5.360000133514404,795798
2016-12-08 00:00:00+01:00,5.389999866485596,5.400000095367432,5.329999923706055,5.380000114440918,1502746
2016-12-09 00:00:00+01:00,5.400000095367432,5.400000095367432,5.289999961853027,5.320000171661377,790155
2016-12-12 00:00:00+01:00,5.289999961853027,5.349999904632568,5.25,5.349999904632568,941409
2016-12-13 00:00:00+01:00,5.380000114440918,5.400000095367432,5.289999961853027,5.380000114440918,736643
2016-12-14 00:00:00+01:00,5.420000076293945,5.429999828338623,5.349999904632568,5.400000095367432,891020
2016-12-15 00:00:00+01:00,5.369999885559082,5.440000057220459,5.360000133514404,5.389999866485596,427732
2016-12-16 00:00:00+01:00,5.329999923706055,5.590000152587891,5.329999923706055,5.420000076293945,2130762
2016-12-19 00:00:00+01:00,5.400000095367432,5.480000019073486,5.380000114440918,5.409999847412109,797450
2016-12-20 00:00:00+01:00,5.429999828338623,5.46999979019165,5.380000114440918,5.400000095367432,762819
2016-12-21 00:00:00+01:00,5.420000076293945,5.46999979019165,5.400000095367432,5.409999847412109,353261
2016-12-22 00:00:00+01:00,5.420000076293945,5.420000076293945,5.090000152587891,5.110000133514404,1654458
2016-12-23 00:00:00+01:00,5.199999809265137,5.199999809265137,5.070000171661377,5.079999923706055,1257558
2016-12-27 00:00:00+01:00,5.119999885559082,5.119999885559082,5.050000190734863,5.070000171661377,345883
2016-12-28 00:00:00+01:00,5.090000152587891,5.150000095367432,5.070000171661377,5.150000095367432,479196
2016-12-29 00:00:00+01:00,5.139999866485596,5.150000095367432,5.090000152587891,5.139999866485596,455600
2016-12-30 00:00:00+01:00,5.139999866485596,5.199999809265137,5.099999904632568,5.190000057220459,513360
2017-01-02 00:00:00+01:00,5.190000057220459,5.21999979019165,5.130000114440918,5.190000057220459,683237
2017-01-03 00:00:00+01:00,5.190000057220459,5.300000190734863,5.170000076293945,5.300000190734863,1100946
2017-01-04 00:00:00+01:00,5.320000171661377,5.329999923706055,5.28000020980835,5.320000171661377,1486134
2017-01-05 00:00:00+01:00,5.300000190734863,5.400000095367432,5.28000020980835,5.400000095367432,2098010
2017-01-09 00:00:00+01:00,5.400000095367432,5.53000020980835,5.349999904632568,5.5,1041983
2017-01-10 00:00:00+01:00,5.53000020980835,5.739999771118164,5.53000020980835,5.739999771118164,1367725
2017-01-11 00:00:00+01:00,5.739999771118164,5.760000228881836,5.590000152587891,5.739999771118164,847766
2017-01-12 00:00:00+01:00,5.739999771118164,5.769999980926514,5.699999809265137,5.75,1656763
2017-01-13 00:00:00+01:00,5.760000228881836,5.760000228881836,5.599999904632568,5.659999847412109,531764
2017-01-16 00:00:00+01:00,5.630000114440918,5.659999847412109,5.389999866485596,5.489999771118164,2016644
2017-01-17 00:00:00+01:00,5.5,5.579999923706055,5.400000095367432,5.510000228881836,441540
2017-01-18 00:00:00+01:00,5.570000171661377,5.590000152587891,5.480000019073486,5.579999923706055,361660
2017-01-19 00:00:00+01:00,5.570000171661377,5.639999866485596,5.53000020980835,5.599999904632568,396206
2017-01-20 00:00:00+01:00,5.579999923706055,5.579999923706055,5.460000038146973,5.480000019073486,252315
2017-01-23 00:00:00+01:00,5.5,5.539999961853027,5.440000057220459,5.480000019073486,250959
2017-01-24 00:00:00+01:00,5.480000019073486,5.789999961853027,5.420000076293945,5.75,619885
2017-01-25 00:00:00+01:00,5.75,5.949999809265137,5.710000038146973,5.929999828338623,919866
2017-01-26 00:00:00+01:00,5.949999809265137,6.079999923706055,5.929999828338623,5.929999828338623,3774003
2017-01-27 00:00:00+01:00,5.929999828338623,5.980000019073486,5.869999885559082,5.920000076293945,729791
2017-01-30 00:00:00+01:00,5.920000076293945,5.96999979019165,5.860000133514404,5.920000076293945,650917
2017-01-31 00:00:00+01:00,5.889999866485596,5.960000038146973,5.829999923706055,5.880000114440918,1316955
2017-02-01 00:00:00+01:00,5.949999809265137,5.96999979019165,5.889999866485596,5.940000057220459,1183489
2017-02-02 00:00:00+01:00,5.900000095367432,5.989999771118164,5.860000133514404,5.889999866485596,1758346
2017-02-03 00:00:00+01:00,5.849999904632568,5.940000057220459,5.849999904632568,5.940000057220459,1322916
2017-02-06 00:00:00+01:00,5.920000076293945,5.989999771118164,5.860000133514404,5.909999847412109,329197
2017-02-07 00:00:00+01:00,5.900000095367432,5.96999979019165,5.860000133514404,5.960000038146973,515915
2017-02-08 00:00:00+01:00,5.960000038146973,5.989999771118164,5.880000114440918,5.989999771118164,1608630
2017-02-09 00:00:00+01:00,5.989999771118164,6.28000020980835,5.989999771118164,6.28000020980835,1874707
2017-02-10 00:00:00+01:00,6.400000095367432,7.21999979019165,6.400000095367432,7.039999961853027,5898125
2017-02-13 00:00:00+01:00,6.980000019073486,7.019999980926514,6.820000171661377,6.989999771118164,1164609
2017-02-14 00:00:00+01:00,7.0,7.039999961853027,6.659999847412109,6.840000152587891,754232
2017-02-15 00:00:00+01:00,6.789999961853027,6.989999771118164,6.789999961853027,6.840000152587891,820494
2017-02-16 00:00:00+01:00,6.829999923706055,6.949999809265137,6.78000020980835,6.949999809265137,1340699
2017-02-17 00:00:00+01:00,6.860000133514404,6.929999828338623,6.699999809265137,6.809999942779541,721858
2017-02-20 00:00:00+01:00,6.840000152587891,6.940000057220459,6.800000190734863,6.809999942779541,476790
2017-02-21 00:00:00+01:00,6.820000171661377,7.0,6.820000171661377,6.949999809265137,469329
2017-02-22 00:00:00+01:00,6.909999847412109,7.0,6.889999866485596,6.940000057220459,539815
2017-02-23 00:00:00+01:00,6.889999866485596,6.989999771118164,6.860000133514404,6.889999866485596,1316364
2017-02-24 00:00:00+01:00,6.920000076293945,6.960000038146973,6.820000171661377,6.829999923706055,1098070
2017-02-27 00:00:00+01:00,6.829999923706055,6.909999847412109,6.800000190734863,6.820000171661377,839077
2017-02-28 00:00:00+01:00,6.809999942779541,6.840000152587891,6.630000114440918,6.820000171661377,1777757
2017-03-01 00:00:00+01:00,6.78000020980835,7.099999904632568,6.78000020980835,7.050000190734863,1208917
2017-03-02 00:00:00+01:00,7.150000095367432,7.150000095367432,6.940000057220459,7.010000228881836,696679
2017-03-03 00:00:00+01:00,7.010000228881836,7.079999923706055,6.920000076293945,7.050000190734863,536167
2017-03-06 00:00:00+01:00,7.059999942779541,7.079999923706055,6.960000038146973,7.019999980926514,513090
2017-03-07 00:00:00+01:00,7.019999980926514,7.019999980926514,6.730000019073486,6.800000190734863,1109536
2017-03-08 00:00:00+01:00,6.800000190734863,6.820000171661377,6.550000190734863,6.619999885559082,943597
2017-03-09 00:00:00+01:00,6.519999980926514,6.699999809265137,6.5,6.630000114440918,901276
2017-03-10 00:00:00+01:00,6.630000114440918,6.769999980926514,6.53000020980835,6.599999904632568,504423
2017-03-13 00:00:00+01:00,6.650000095367432,6.679999828338623,6.599999904632568,6.639999866485596,550943
2017-03-14 00:00:00+01:00,6.599999904632568,6.699999809265137,6.599999904632568,6.639999866485596,723158
2017-03-15 00:00:00+01:00,6.639999866485596,6.699999809265137,6.579999923706055,6.650000095367432,430036
2017-03-16 00:00:00+01:00,6.730000019073486,6.900000095367432,6.730000019073486,6.800000190734863,449655
2017-03-17 00:00:00+01:00,6.920000076293945,6.920000076293945,6.75,6.809999942779541,946243
2017-03-20 00:00:00+01:00,6.820000171661377,6.900000095367432,6.800000190734863,6.900000095367432,216986
2017-03-21 00:00:00+01:00,6.900000095367432,6.980000019073486,6.679999828338623,6.710000038146973,467594
2017-03-22 00:00:00+01:00,6.630000114440918,6.690000057220459,6.429999828338623,6.639999866485596,922966
2017-03-23 00:00:00+01:00,6.690000057220459,6.710000038146973,6.53000020980835,6.599999904632568,462185
2017-03-24 00:00:00+01:00,6.659999847412109,6.679999828338623,6.539999961853027,6.579999923706055,608543
2017-03-27 00:00:00+02:00,6.5,6.559999942779541,6.449999809265137,6.5,437481
2017-03-28 00:00:00+02:00,6.579999923706055,6.869999885559082,6.5,6.849999904632568,1319490
2017-03-29 00:00:00+02:00,6.860000133514404,6.860000133514404,6.570000171661377,6.670000076293945,584115
2017-03-30 00:00:00+02:00,6.650000095367432,6.78000020980835,6.46999979019165,6.519999980926514,713808
2017-03-31 00:00:00+02:00,6.630000114440918,6.630000114440918,6.429999828338623,6.449999809265137,1177274
2017-04-03 00:00:00+02:00,6.429999828338623,6.550000190734863,6.429999828338623,6.550000190734863,264699
2017-04-04 00:00:00+02:00,6.550000190734863,6.679999828338623,6.550000190734863,6.670000076293945,304849
2017-04-05 00:00:00+02:00,6.650000095367432,6.730000019073486,6.550000190734863,6.599999904632568,2014208
2017-04-06 00:00:00+02:00,6.599999904632568,6.690000057220459,6.53000020980835,6.599999904632568,550613
2017-04-07 00:00:00+02:00,6.599999904632568,6.699999809265137,6.539999961853027,6.559999942779541,1354094
2017-04-10 00:00:00+02:00,6.5,6.559999942779541,6.429999828338623,6.429999828338623,547967
2017-04-11 00:00:00+02:00,6.429999828338623,6.53000020980835,6.269999980926514,6.269999980926514,602085
2017-04-12 00:00:00+02:00,6.25,6.429999828338623,6.25,6.429999828338623,537300
2017-04-13 00:00:00+02:00,6.460000038146973,6.460000038146973,6.329999923706055,6.340000152587891,444799
2017-04-18 00:00:00+02:00,6.349999904632568,6.389999866485596,6.179999828338623,6.199999809265137,482280
2017-04-19 00:00:00+02:00,6.199999809265137,6.369999885559082,6.170000076293945,6.309999942779541,520573
2017-04-20 00:00:00+02:00,6.300000190734863,6.389999866485596,6.239999771118164,6.300000190734863,655208
2017-04-21 00:00:00+02:00,6.320000171661377,6.320000171661377,6.110000133514404,6.190000057220459,712450
2017-04-24 00:00:00+02:00,6.230000019073486,6.440000057220459,6.230000019073486,6.440000057220459,440272
2017-04-25 00:00:00+02:00,7.0,7.130000114440918,6.809999942779541,6.949999809265137,2908576
2017-04-26 00:00:00+02:00,6.980000019073486,7.0,6.889999866485596,7.0,642036
2017-04-27 00:00:00+02:00,7.0,7.010000228881836,6.889999866485596,7.0,753943
2017-04-28 00:00:00+02:00,6.989999771118164,7.019999980926514,6.880000114440918,6.920000076293945,1210737
2017-05-02 00:00:00+02:00,6.989999771118164,7.099999904632568,6.920000076293945,6.920000076293945,639790
2017-05-04 00:00:00+02:00,7.0,7.25,6.920000076293945,7.070000171661377,1255377
2017-05-05 00:00:00+02:00,7.0,7.070000171661377,6.909999847412109,7.059999942779541,341593
2017-05-08 00:00:00+02:00,7.150000095367432,7.150000095367432,6.980000019073486,7.019999980926514,555715
2017-05-09 00:00:00+02:00,7.059999942779541,7.210000038146973,6.960000038146973,7.210000038146973,542625
2017-05-10 00:00:00+02:00,7.199999809265137,7.349999904632568,6.96999979019165,7.230000019073486,2602265
2017-05-11 00:00:00+02:00,7.239999771118164,7.449999809265137,7.099999904632568,7.199999809265137,936515
2017-05-12 00:00:00+02:00,7.239999771118164,7.389999866485596,7.150000095367432,7.25,1586726
2017-05-15 00:00:00+02:00,7.199999809265137,7.25,7.099999904632568,7.190000057220459,611644
2017-05-16 00:00:00+02:00,7.190000057220459,7.25,7.050000190734863,7.070000171661377,803722
2017-05-17 00:00:00+02:00,7.050000190734863,7.099999904632568,6.929999828338623,7.090000152587891,1421081
2017-05-18 00:00:00+02:00,6.989999771118164,7.079999923706055,6.820000171661377,6.909999847412109,1610148
2017-05-19 00:00:00+02:00,6.869999885559082,7.190000057220459,6.869999885559082,7.190000057220459,702647
2017-05-22 00:00:00+02:00,7.110000133514404,7.239999771118164,7.070000171661377,7.150000095367432,654131
2017-05-23 00:00:00+02:00,7.110000133514404,7.150000095367432,7.059999942779541,7.090000152587891,488324
2017-05-24 00:00:00+02:00,7.0,7.110000133514404,7.0,7.110000133514404,638426
2017-05-25 00:00:00+02:00,7.130000114440918,7.340000152587891,7.130000114440918,7.25,913580
2017-05-26 00:00:00+02:00,7.25,7.289999961853027,7.110000133514404,7.159999847412109,224134
2017-05-29 00:00:00+02:00,7.119999885559082,7.25,7.039999961853027,7.150000095367432,195908
2017-05-30 00:00:00+02:00,7.059999942779541,7.119999885559082,7.03000020980835,7.070000171661377,456402
2017-05-31 00:00:00+02:00,7.070000171661377,7.110000133514404,6.940000057220459,6.960000038146973,1495490
2017-06-01 00:00:00+02:00,7.0,7.050000190734863,6.920000076293945,6.929999828338623,380686
2017-06-02 00:00:00+02:00,7.0,7.110000133514404,7.0,7.090000152587891,279030
2017-06-05 00:00:00+02:00,7.039999961853027,7.099999904632568,6.900000095367432,6.929999828338623,478413
2017-06-06 00:00:00+02:00,6.960000038146973,7.070000171661377,6.929999828338623,7.050000190734863,954924
2017-06-07 00:00:00+02:00,6.989999771118164,7.289999961853027,6.989999771118164,7.199999809265137,513889
2017-06-08 00:00:00+02:00,7.230000019073486,7.300000190734863,7.139999866485596,7.25,363228
2017-06-09 00:00:00+02:00,7.300000190734863,7.360000133514404,7.119999885559082,7.199999809265137,577523
2017-06-12 00:00:00+02:00,7.090000152587891,7.28000020980835,7.010000228881836,7.28000020980835,132741
2017-06-13 00:00:00+02:00,7.269999980926514,7.269999980926514,7.010000228881836,7.059999942779541,266202
2017-06-14 00:00:00+02:00,7.099999904632568,7.210000038146973,7.010000228881836,7.210000038146973,394152
2017-06-15 00:00:00+02:00,7.210000038146973,7.210000038146973,7.210000038146973,7.210000038146973,0
2017-06-16 00:00:00+02:00,7.050000190734863,7.28000020980835,7.0,7.059999942779541,598812
2017-06-19 00:00:00+02:00,7.059999942779541,7.230000019073486,7.059999942779541,7.230000019073486,128054
2017-06-20 00:00:00+02:00,7.239999771118164,7.28000020980835,7.139999866485596,7.239999771118164,227146
2017-06-21 00:00:00+02:00,7.139999866485596,7.28000020980835,7.070000171661377,7.269999980926514,209665
2017-06-22 00:00:00+02:00,7.21999979019165,7.28000020980835,7.079999923706055,7.190000057220459,232005
2017-06-23 00:00:00+02:00,7.21999979019165,7.21999979019165,7.079999923706055,7.079999923706055,160882
2017-06-26 00:00:00+02:00,7.090000152587891,7.340000152587891,7.090000152587891,7.28000020980835,514610
2017-06-27 00:00:00+02:00,7.21999979019165,7.659999847412109,7.21999979019165,7.559999942779541,746845
2017-06-28 00:00:00+02:00,7.5,7.599999904632568,7.159999847412109,7.159999847412109,371446
2017-06-29 00:00:00+02:00,7.329999923706055,7.400000095367432,7.210000038146973,7.210000038146973,357549
2017-06-30 00:00:00+02:00,7.25,7.449999809265137,7.159999847412109,7.449999809265137,1196610
2017-07-03 00:00:00+02:00,7.420000076293945,7.599999904632568,7.360000133514404,7.599999904632568,930292
2017-07-04 00:00:00+02:00,7.400000095367432,7.420000076293945,7.289999961853027,7.309999942779541,443861
2017-07-05 00:00:00+02:00,7.320000171661377,7.389999866485596,7.260000228881836,7.380000114440918,358749
2017-07-06 00:00:00+02:00,7.400000095367432,7.579999923706055,7.360000133514404,7.429999828338623,145346
2017-07-07 00:00:00+02:00,7.360000133514404,7.480000019073486,7.230000019073486,7.289999961853027,223505
2017-07-10 00:00:00+02:00,7.309999942779541,7.429999828338623,7.230000019073486,7.239999771118164,185563
2017-07-11 00:00:00+02:00,7.309999942779541,7.360000133514404,7.239999771118164,7.340000152587891,215441
2017-07-12 00:00:00+02:00,7.300000190734863,7.429999828338623,7.289999961853027,7.409999847412109,694638
2017-07-13 00:00:00+02:00,7.420000076293945,7.579999923706055,7.380000114440918,7.539999961853027,907263
2017-07-14 00:00:00+02:00,7.590000152587891,7.590000152587891,7.449999809265137,7.590000152587891,513938
2017-07-17 00:00:00+02:00,7.599999904632568,7.760000228881836,7.559999942779541,7.679999828338623,591069
2017-07-18 00:00:00+02:00,7.71999979019165,7.71999979019165,7.599999904632568,7.679999828338623,302159
2017-07-19 00:00:00+02:00,7.670000076293945,7.690000057220459,7.429999828338623,7.579999923706055,551774
2017-07-20 00:00:00+02:00,7.579999923706055,7.659999847412109,7.480000019073486,7.550000190734863,370673
2017-07-21 00:00:00+02:00,7.5,7.599999904632568,7.449999809265137,7.5,319817
2017-07-24 00:00:00+02:00,7.599999904632568,7.599999904632568,7.429999828338623,7.460000038146973,474754
2017-07-25 00:00:00+02:00,7.579999923706055,7.699999809265137,7.559999942779541,7.699999809265137,757543
2017-07-26 00:00:00+02:00,7.71999979019165,7.71999979019165,7.610000133514404,7.639999866485596,606413
2017-07-27 00:00:00+02:00,7.670000076293945,7.670000076293945,7.570000171661377,7.659999847412109,260241
2017-07-28 00:00:00+02:00,7.579999923706055,7.699999809265137,7.579999923706055,7.699999809265137,1315478
2017-07-31 00:00:00+02:00,7.650000095367432,7.71999979019165,7.650000095367432,7.710000038146973,577511
2017-08-01 00:00:00+02:00,7.699999809265137,7.78000020980835,7.630000114440918,7.659999847412109,659388
2017-08-02 00:00:00+02:00,7.769999980926514,7.860000133514404,7.320000171661377,7.340000152587891,1737064
2017-08-03 00:00:00+02:00,7.199999809265137,7.199999809265137,6.820000171661377,6.820000171661377,2402262
2017-08-04 00:00:00+02:00,6.840000152587891,7.090000152587891,6.840000152587891,7.03000020980835,1035053
2017-08-07 00:00:00+02:00,7.03000020980835,7.289999961853027,7.019999980926514,7.289999961853027,942271
2017-08-08 00:00:00+02:00,7.289999961853027,7.489999771118164,7.260000228881836,7.409999847412109,1332358
2017-08-09 00:00:00+02:00,7.400000095367432,7.409999847412109,7.179999828338623,7.340000152587891,525546
2017-08-10 00:00:00+02:00,7.380000114440918,7.380000114440918,7.130000114440918,7.130000114440918,446575
2017-08-11 00:00:00+02:00,7.130000114440918,7.130000114440918,7.010000228881836,7.019999980926514,686245
2017-08-14 00:00:00+02:00,7.130000114440918,7.130000114440918,6.980000019073486,7.03000020980835,252783
2017-08-15 00:00:00+02:00,7.03000020980835,7.03000020980835,7.03000020980835,7.03000020980835,0
2017-08-16 00:00:00+02:00,7.070000171661377,7.070000171661377,6.949999809265137,6.980000019073486,733456
2017-08-17 00:00:00+02:00,6.980000019073486,7.090000152587891,6.96999979019165,7.010000228881836,450660
2017-08-18 00:00:00+02:00,6.960000038146973,7.130000114440918,6.960000038146973,7.099999904632568,272038
2017-08-21 00:00:00+02:00,7.099999904632568,7.28000020980835,7.070000171661377,7.28000020980835,374857
2017-08-22 00:00:00+02:00,7.289999961853027,7.289999961853027,7.179999828338623,7.28000020980835,165383
2017-08-23 00:00:00+02:00,7.199999809265137,7.289999961853027,7.190000057220459,7.210000038146973,345057
2017-08-24 00:00:00+02:00,7.199999809265137,7.380000114440918,7.199999809265137,7.380000114440918,409119
2017-08-25 00:00:00+02:00,7.300000190734863,7.369999885559082,7.300000190734863,7.300000190734863,226637
2017-08-28 00:00:00+02:00,7.300000190734863,7.389999866485596,7.300000190734863,7.320000171661377,179151
2017-08-29 00:00:00+02:00,7.309999942779541,7.349999904632568,7.260000228881836,7.349999904632568,419793
2017-08-30 00:00:00+02:00,7.320000171661377,7.389999866485596,7.300000190734863,7.329999923706055,950809
2017-08-31 00:00:00+02:00,7.320000171661377,7.449999809265137,7.28000020980835,7.449999809265137,1089827
2017-09-01 00:00:00+02:00,7.340000152587891,7.409999847412109,7.21999979019165,7.230000019073486,370035
2017-09-04 00:00:00+02:00,7.25,7.260000228881836,7.159999847412109,7.170000076293945,301020
2017-09-05 00:00:00+02:00,7.170000076293945,7.239999771118164,7.150000095367432,7.210000038146973,344286
2017-09-06 00:00:00+02:00,7.199999809265137,7.199999809265137,7.130000114440918,7.130000114440918,315063
2017-09-07 00:00:00+02:00,7.110000133514404,7.150000095367432,7.070000171661377,7.070000171661377,442426
2017-09-08 00:00:00+02:00,7.070000171661377,7.110000133514404,6.940000057220459,7.010000228881836,460822
2017-09-11 00:00:00+02:00,7.010000228881836,7.050000190734863,6.96999979019165,6.96999979019165,474988
2017-09-12 00:00:00+02:00,6.96999979019165,7.050000190734863,6.909999847412109,6.929999828338623,793613
2017-09-13 00:00:00+02:00,6.920000076293945,6.960000038146973,6.699999809265137,6.699999809265137,1245994
2017-09-14 00:00:00+02:00,6.710000038146973,6.75,6.599999904632568,6.599999904632568,1017938
2017-09-15 00:00:00+02:00,6.659999847412109,6.75,6.440000057220459,6.440000057220459,2489936
2017-09-18 00:00:00+02:00,6.489999771118164,6.739999771118164,6.489999771118164,6.730000019073486,520175
2017-09-19 00:00:00+02:00,6.75,6.78000020980835,6.670000076293945,6.75,1542635
2017-09-20 00:00:00+02:00,6.75,6.769999980926514,6.610000133514404,6.659999847412109,275989
2017-09-21 00:00:00+02:00,6.670000076293945,6.769999980926514,6.670000076293945,6.730000019073486,1048989
2017-09-22 00:00:00+02:00,6.730000019073486,6.809999942779541,6.71999979019165,6.789999961853027,674933
2017-09-25 00:00:00+02:00,6.769999980926514,6.909999847412109,6.769999980926514,6.909999847412109,1707966
2017-09-26 00:00:00+02:00,6.920000076293945,6.920000076293945,6.860000133514404,6.900000095367432,1339412
2017-09-27 00:00:00+02:00,6.889999866485596,7.039999961853027,6.860000133514404,7.0,2709605
2017-09-28 00:00:00+02:00,7.03000020980835,7.079999923706055,6.989999771118164,7.0,355366
2017-09-29 00:00:00+02:00,7.0,7.059999942779541,6.980000019073486,7.010000228881836,1306983
2017-10-02 00:00:00+02:00,7.059999942779541,7.090000152587891,7.039999961853027,7.090000152587891,1120339
2017-10-03 00:00:00+02:00,7.079999923706055,7.090000152587891,6.809999942779541,6.809999942779541,1889251
2017-10-04 00:00:00+02:00,6.800000190734863,6.929999828338623,6.670000076293945,6.670000076293945,1886837
2017-10-05 00:00:00+02:00,6.659999847412109,6.840000152587891,6.650000095367432,6.800000190734863,351220
2017-10-06 00:00:00+02:00,6.800000190734863,6.920000076293945,6.760000228881836,6.909999847412109,4559317
2017-10-09 00:00:00+02:00,6.860000133514404,6.96999979019165,6.860000133514404,6.96999979019165,141297
2017-10-10 00:00:00+02:00,7.059999942779541,7.25,7.059999942779541,7.25,6288528
2017-10-11 00:00:00+02:00,7.25,7.300000190734863,7.139999866485596,7.260000228881836,3077177
2017-10-12 00:00:00+02:00,7.260000228881836,7.739999771118164,7.260000228881836,7.739999771118164,7270344
2017-10-13 00:00:00+02:00,7.699999809265137,7.809999942779541,7.559999942779541,7.730000019073486,1834702
2017-10-16 00:00:00+02:00,7.769999980926514,7.769999980926514,7.53000020980835,7.670000076293945,1091768
2017-10-17 00:00:00+02:00,7.670000076293945,7.739999771118164,7.460000038146973,7.46999979019165,973524
2017-10-18 00:00:00+02:00,7.449999809265137,7.659999847412109,7.449999809265137,7.449999809265137,486683
2017-10-19 00:00:00+02:00,7.5,7.71999979019165,7.480000019073486,7.610000133514404,756310
2017-10-20 00:00:00+02:00,7.619999885559082,7.699999809265137,7.590000152587891,7.650000095367432,532262
2017-10-23 00:00:00+02:00,7.699999809265137,7.699999809265137,7.510000228881836,7.550000190734863,656352
2017-10-24 00:00:00+02:00,7.630000114440918,7.630000114440918,7.329999923706055,7.369999885559082,654654
2017-10-25 00:00:00+02:00,7.400000095367432,7.53000020980835,7.349999904632568,7.5,1087621
2017-10-26 00:00:00+02:00,7.539999961853027,7.679999828338623,7.449999809265137,7.670000076293945,578693
2017-10-27 00:00:00+02:00,7.610000133514404,7.75,7.599999904632568,7.730000019073486,2293360
2017-10-30 00:00:00+01:00,7.809999942779541,8.050000190734863,7.78000020980835,7.880000114440918,2156550
2017-10-31 00:00:00+01:00,7.849999904632568,8.0,7.809999942779541,7.980000019073486,501002
2017-11-01 00:00:00+01:00,7.980000019073486,7.980000019073486,7.980000019073486,7.980000019073486,0
2017-11-02 00:00:00+01:00,8.0,8.0,7.809999942779541,7.869999885559082,343580
2017-11-03 00:00:00+01:00,7.889999866485596,7.929999828338623,7.809999942779541,7.809999942779541,280954
2017-11-06 00:00:00+01:00,7.809999942779541,7.980000019073486,7.789999961853027,7.909999847412109,1848804
2017-11-07 00:00:00+01:00,7.949999809265137,8.479999542236328,7.940000057220459,8.449999809265137,5411960
2017-11-08 00:00:00+01:00,8.40999984741211,8.420000076293945,8.220000267028809,8.350000381469727,1487920
2017-11-09 00:00:00+01:00,8.319999694824219,8.350000381469727,8.199999809265137,8.319999694824219,912031
2017-11-10 00:00:00+01:00,8.270000457763672,8.34000015258789,8.15999984741211,8.180000305175781,575835
2017-11-13 00:00:00+01:00,8.100000381469727,8.399999618530273,8.100000381469727,8.210000038146973,812922
2017-11-14 00:00:00+01:00,8.260000228881836,8.350000381469727,8.199999809265137,8.229999542236328,4210252
2017-11-15 00:00:00+01:00,8.239999771118164,8.289999961853027,8.170000076293945,8.1899995803833,1095945
2017-11-16 00:00:00+01:00,8.260000228881836,8.279999732971191,8.119999885559082,8.220000267028809,534768
2017-11-17 00:00:00+01:00,8.229999542236328,8.359999656677246,8.220000267028809,8.279999732971191,718123
2017-11-20 00:00:00+01:00,8.300000190734863,8.550000190734863,8.270000457763672,8.430000305175781,732644
2017-11-21 00:00:00+01:00,8.460000038146973,8.550000190734863,8.40999984741211,8.539999961853027,879806
2017-11-22 00:00:00+01:00,8.539999961853027,8.539999961853027,8.350000381469727,8.539999961853027,368600
2017-11-23 00:00:00+01:00,8.5,8.550000190734863,8.369999885559082,8.489999771118164,144566
2017-11-24 00:00:00+01:00,8.430000305175781,8.550000190734863,8.430000305175781,8.449999809265137,508421
2017-11-27 00:00:00+01:00,8.380000114440918,8.5,8.369999885559082,8.380000114440918,535112
2017-11-28 00:00:00+01:00,8.329999923706055,8.479999542236328,8.25,8.399999618530273,649708
2017-11-29 00:00:00+01:00,8.229999542236328,8.449999809265137,8.149999618530273,8.369999885559082,1119173
2017-11-30 00:00:00+01:00,8.350000381469727,8.449999809265137,8.210000038146973,8.210000038146973,2257165
2017-12-01 00:00:00+01:00,8.220000267028809,8.420000076293945,8.220000267028809,8.350000381469727,554958
2017-12-04 00:00:00+01:00,8.40999984741211,8.449999809265137,8.270000457763672,8.390000343322754,408880
2017-12-05 00:00:00+01:00,8.279999732971191,8.40999984741211,8.279999732971191,8.289999961853027,457562
2017-12-06 00:00:00+01:00,8.25,8.449999809265137,8.25,8.3100004196167,1375241
2017-12-07 00:00:00+01:00,8.390000343322754,8.449999809265137,8.3100004196167,8.4399995803833,851504
2017-12-08 00:00:00+01:00,8.4399995803833,8.449999809265137,8.260000228881836,8.399999618530273,836726
2017-12-11 00:00:00+01:00,8.430000305175781,8.449999809265137,8.390000343322754,8.390000343322754,550460
2017-12-12 00:00:00+01:00,8.430000305175781,8.5,8.399999618530273,8.460000038146973,845053
2017-12-13 00:00:00+01:00,8.449999809265137,8.489999771118164,8.390000343322754,8.4399995803833,458173
2017-12-14 00:00:00+01:00,8.460000038146973,8.460000038146973,8.359999656677246,8.390000343322754,1056158
2017-12-15 00:00:00+01:00,8.390000343322754,8.430000305175781,8.329999923706055,8.380000114440918,2052168
2017-12-18 00:00:00+01:00,8.3100004196167,8.539999961853027,8.3100004196167,8.539999961853027,1286665
2017-12-19 00:00:00+01:00,8.59000015258789,8.9399995803833,8.59000015258789,8.779999732971191,2743056
2017-12-20 00:00:00+01:00,8.770000457763672,8.789999961853027,8.649999618530273,8.770000457763672,1216510
2017-12-21 00:00:00+01:00,8.760000228881836,8.760000228881836,8.640000343322754,8.640000343322754,614698
2017-12-22 00:00:00+01:00,8.670000076293945,8.710000038146973,8.640000343322754,8.649999618530273,765688
2017-12-25 00:00:00+01:00,8.649999618530273,8.649999618530273,8.649999618530273,8.649999618530273,0
2017-12-26 00:00:00+01:00,8.649999618530273,8.649999618530273,8.649999618530273,8.649999618530273,0
2017-12-27 00:00:00+01:00,8.699999809265137,8.890000343322754,8.670000076293945,8.890000343322754,559178
2017-12-28 00:00:00+01:00,8.869999885559082,8.9399995803833,8.829999923706055,8.890000343322754,809408
2017-12-29 00:00:00+01:00,8.859999656677246,8.9399995803833,8.8100004196167,8.9399995803833,389335
2018-01-01 00:00:00+01:00,8.9399995803833,8.9399995803833,8.9399995803833,8.9399995803833,0
2018-01-02 00:00:00+01:00,8.9399995803833,8.9399995803833,8.9399995803833,8.9399995803833,0
2018-01-03 00:00:00+01:00,8.9399995803833,9.109999656677246,8.869999885559082,8.899999618530273,943885
2018-01-04 00:00:00+01:00,8.920000076293945,9.329999923706055,8.920000076293945,9.270000457763672,2219601
2018-01-05 00:00:00+01:00,9.300000190734863,9.40999984741211,9.279999732971191,9.40999984741211,1174015
2018-01-08 00:00:00+01:00,9.40999984741211,9.65999984741211,9.390000343322754,9.5,1107723
2018-01-09 00:00:00+01:00,9.5,9.520000457763672,9.149999618530273,9.220000267028809,1230381
2018-01-10 00:00:00+01:00,9.149999618530273,9.210000038146973,8.930000305175781,9.069999694824219,967169
2018-01-11 00:00:00+01:00,9.09000015258789,9.359999656677246,8.989999771118164,9.300000190734863,1549452
2018-01-12 00:00:00+01:00,9.300000190734863,9.390000343322754,9.210000038146973,9.350000381469727,1538657
2018-01-15 00:00:00+01:00,9.300000190734863,9.420000076293945,9.210000038146973,9.329999923706055,279820
2018-01-16 00:00:00+01:00,9.3100004196167,9.359999656677246,9.25,9.350000381469727,1420756
2018-01-17 00:00:00+01:00,9.34000015258789,9.359999656677246,9.25,9.350000381469727,866860
2018-01-18 00:00:00+01:00,9.34000015258789,9.6899995803833,9.3100004196167,9.640000343322754,1026327
2018-01-19 00:00:00+01:00,9.649999618530273,9.75,9.449999809265137,9.520000457763672,853520
2018-01-22 00:00:00+01:00,9.479999542236328,9.729999542236328,9.430000305175781,9.65999984741211,863452
2018-01-23 00:00:00+01:00,9.710000038146973,9.770000457763672,9.600000381469727,9.75,1431459
2018-01-24 00:00:00+01:00,9.720000267028809,9.75,9.550000190734863,9.75,554248
2018-01-25 00:00:00+01:00,9.75,9.75,9.649999618530273,9.699999809265137,709200
2018-01-26 00:00:00+01:00,9.699999809265137,9.75,9.619999885559082,9.75,504862
2018-01-29 00:00:00+01:00,9.720000267028809,9.75,9.600000381469727,9.699999809265137,1081595
2018-01-30 00:00:00+01:00,9.699999809265137,9.699999809265137,9.699999809265137,9.699999809265137,0
2018-01-31 00:00:00+01:00,9.609999656677246,9.699999809265137,9.59000015258789,9.59000015258789,2019922
2018-02-01 00:00:00+01:00,9.670000076293945,9.729999542236328,9.5,9.609999656677246,2090670
2018-02-02 00:00:00+01:00,9.579999923706055,9.579999923706055,9.210000038146973,9.399999618530273,315479
2018-02-05 00:00:00+01:00,9.270000457763672,9.3100004196167,9.220000267028809,9.300000190734863,1702322
2018-02-06 00:00:00+01:00,9.0,9.210000038146973,8.90999984741211,9.15999984741211,1672338
2018-02-07 00:00:00+01:00,9.1899995803833,9.199999809265137,8.989999771118164,9.199999809265137,915505
2018-02-08 00:00:00+01:00,9.199999809265137,9.199999809265137,9.029999732971191,9.100000381469727,1368490
2018-02-09 00:00:00+01:00,8.710000038146973,9.079999923706055,8.710000038146973,8.970000267028809,1330629
2018-02-12 00:00:00+01:00,8.970000267028809,9.149999618530273,8.970000267028809,9.079999923706055,647940
2018-02-13 00:00:00+01:00,9.020000457763672,9.119999885559082,8.680000305175781,8.770000457763672,836792
2018-02-14 00:00:00+01:00,8.710000038146973,8.779999732971191,8.569999694824219,8.729999542236328,635060
2018-02-15 00:00:00+01:00,8.699999809265137,8.930000305175781,8.699999809265137,8.850000381469727,1664258
2018-02-16 00:00:00+01:00,8.859999656677246,9.050000190734863,8.850000381469727,8.979999542236328,1554912
2018-02-19 00:00:00+01:00,8.960000038146973,9.100000381469727,8.930000305175781,8.949999809265137,3756219
2018-02-20 00:00:00+01:00,8.930000305175781,9.0,8.880000114440918,9.0,193315
2018-02-21 00:00:00+01:00,8.920000076293945,9.050000190734863,8.829999923706055,8.9399995803833,1155423
2018-02-22 00:00:00+01:00,8.859999656677246,9.0,8.779999732971191,9.0,1942279
2018-02-23 00:00:00+01:00,8.979999542236328,9.010000228881836,8.859999656677246,8.970000267028809,1472178
2018-02-26 00:00:00+01:00,8.899999618530273,8.979999542236328,8.8100004196167,8.899999618530273,788328
2018-02-27 00:00:00+01:00,8.850000381469727,8.949999809265137,8.579999923706055,8.649999618530273,1484282
2018-02-28 00:00:00+01:00,8.529999732971191,8.5600004196167,8.319999694824219,8.359999656677246,1758443
2018-03-01 00:00:00+01:00,8.34000015258789,8.430000305175781,8.220000267028809,8.300000190734863,1575816
2018-03-02 00:00:00+01:00,8.100000381469727,8.289999961853027,8.100000381469727,8.25,866279
2018-03-05 00:00:00+01:00,8.149999618530273,8.699999809265137,8.149999618530273,8.619999885559082,492962
2018-03-06 00:00:00+01:00,8.619999885559082,8.649999618530273,8.460000038146973,8.619999885559082,1074492
2018-03-07 00:00:00+01:00,8.510000228881836,8.609999656677246,8.460000038146973,8.579999923706055,667008
2018-03-08 00:00:00+01:00,8.520000457763672,8.619999885559082,8.319999694824219,8.34000015258789,306422
2018-03-09 00:00:00+01:00,8.34000015258789,8.489999771118164,8.270000457763672,8.489999771118164,342165
2018-03-12 00:00:00+01:00,8.5600004196167,8.729999542236328,8.550000190734863,8.6899995803833,297455
2018-03-13 00:00:00+01:00,8.6899995803833,8.789999961853027,8.630000114440918,8.739999771118164,339521
2018-03-14 00:00:00+01:00,8.680000305175781,8.699999809265137,8.3100004196167,8.59000015258789,592097
2018-03-15 00:00:00+01:00,8.619999885559082,8.619999885559082,8.399999618530273,8.449999809265137,755116
2018-03-16 00:00:00+01:00,8.369999885559082,8.430000305175781,8.239999771118164,8.399999618530273,1650545
2018-03-19 00:00:00+01:00,8.399999618530273,8.479999542236328,8.369999885559082,8.470000267028809,209046
2018-03-20 00:00:00+01:00,8.489999771118164,8.729999542236328,8.270000457763672,8.600000381469727,755956
2018-03-21 00:00:00+01:00,8.600000381469727,8.65999984741211,8.449999809265137,8.619999885559082,1018535
2018-03-22 00:00:00+01:00,8.649999618530273,8.649999618530273,8.15999984741211,8.25,660780
2018-03-23 00:00:00+01:00,8.180000305175781,8.289999961853027,8.130000114440918,8.25,924783
2018-03-26 00:00:00+02:00,8.140000343322754,8.199999809265137,7.760000228881836,8.149999618530273,1013533
2018-03-27 00:00:00+02:00,8.180000305175781,8.220000267028809,8.0,8.0,1189273
2018-03-28 00:00:00+02:00,8.010000228881836,8.329999923706055,7.949999809265137,8.180000305175781,1298935
2018-03-29 00:00:00+02:00,8.210000038146973,8.300000190734863,8.130000114440918,8.210000038146973,420765
2018-03-30 00:00:00+02:00,8.210000038146973,8.210000038146973,8.210000038146973,8.210000038146973,0
2018-04-02 00:00:00+02:00,8.210000038146973,8.210000038146973,8.210000038146973,8.210000038146973,0
2018-04-03 00:00:00+02:00,8.25,8.279999732971191,8.180000305175781,8.180000305175781,423575
2018-04-04 00:00:00+02:00,8.270000457763672,8.270000457763672,8.100000381469727,8.220000267028809,386223
2018-04-05 00:00:00+02:00,8.199999809265137,8.350000381469727,7.909999847412109,8.350000381469727,415275
2018-04-06 00:00:00+02:00,8.34000015258789,8.359999656677246,8.220000267028809,8.300000190734863,501938
2018-04-09 00:00:00+02:00,8.329999923706055,8.329999923706055,8.180000305175781,8.3100004196167,562013
2018-04-10 00:00:00+02:00,8.25,8.319999694824219,8.149999618530273,8.199999809265137,871696
2018-04-11 00:00:00+02:00,8.199999809265137,8.479999542236328,8.1899995803833,8.40999984741211,576788
2018-04-12 00:00:00+02:00,8.329999923706055,8.649999618530273,8.329999923706055,8.59000015258789,1708708
2018-04-13 00:00:00+02:00,8.600000381469727,8.649999618530273,8.369999885559082,8.420000076293945,510661
2018-04-16 00:00:00+02:00,8.430000305175781,8.569999694824219,8.399999618530273,8.520000457763672,424546
2018-04-17 00:00:00+02:00,8.40999984741211,8.649999618530273,8.399999618530273,8.619999885559082,2071392
2018-04-18 00:00:00+02:00,8.649999618530273,8.75,8.510000228881836,8.59000015258789,536120
2018-04-19 00:00:00+02:00,8.550000190734863,8.710000038146973,8.539999961853027,8.539999961853027,444451
2018-04-20 00:00:00+02:00,8.520000457763672,8.600000381469727,8.520000457763672,8.520000457763672,356875
2018-04-23 00:00:00+02:00,8.420000076293945,8.649999618530273,8.229999542236328,8.229999542236328,678219
2018-04-24 00:00:00+02:00,8.300000190734863,8.600000381469727,8.300000190734863,8.5,739282
2018-04-25 00:00:00+02:00,8.420000076293945,8.619999885559082,8.420000076293945,8.550000190734863,704610
2018-04-26 00:00:00+02:00,8.479999542236328,8.680000305175781,8.460000038146973,8.5600004196167,733850
2018-04-27 00:00:00+02:00,8.520000457763672,8.6899995803833,8.520000457763672,8.6899995803833,899473
2018-04-30 00:00:00+02:00,8.699999809265137,8.779999732971191,8.520000457763672,8.550000190734863,493976
2018-05-01 00:00:00+02:00,8.550000190734863,8.550000190734863,8.550000190734863,8.550000190734863,0
2018-05-02 00:00:00+02:00,8.5,8.539999961853027,8.239999771118164,8.25,388093
2018-05-03 00:00:00+02:00,8.25,8.25,8.25,8.25,0
2018-05-04 00:00:00+02:00,8.15999984741211,8.4399995803833,8.15999984741211,8.369999885559082,618162
2018-05-07 00:00:00+02:00,8.3100004196167,8.489999771118164,8.300000190734863,8.449999809265137,131307
2018-05-08 00:00:00+02:00,8.489999771118164,8.489999771118164,8.3100004196167,8.420000076293945,1091922
2018-05-09 00:00:00+02:00,8.350000381469727,8.630000114440918,8.350000381469727,8.460000038146973,919394
2018-05-10 00:00:00+02:00,8.40999984741211,8.579999923706055,8.40999984741211,8.470000267028809,984395
2018-05-11 00:00:00+02:00,8.40999984741211,8.510000228881836,8.40999984741211,8.5,837004
2018-05-14 00:00:00+02:00,8.510000228881836,8.739999771118164,8.510000228881836,8.720000267028809,652322
2018-05-15 00:00:00+02:00,8.609999656677246,8.6899995803833,8.579999923706055,8.619999885559082,814296
2018-05-16 00:00:00+02:00,8.550000190734863,8.5600004196167,8.5,8.529999732971191,520649
2018-05-17 00:00:00+02:00,8.479999542236328,8.479999542236328,8.15999984741211,8.15999984741211,734078
2018-05-18 00:00:00+02:00,8.119999885559082,8.279999732971191,8.119999885559082,8.180000305175781,858897
2018-05-21 00:00:00+02:00,8.180000305175781,8.239999771118164,8.130000114440918,8.149999618530273,625942
2018-05-22 00:00:00+02:00,8.130000114440918,8.369999885559082,8.130000114440918,8.369999885559082,488709
2018-05-23 00:00:00+02:00,8.210000038146973,8.270000457763672,8.100000381469727,8.100000381469727,1035698
2018-05-24 00:00:00+02:00,8.079999923706055,8.369999885559082,8.079999923706055,8.34000015258789,577511
2018-05-25 00:00:00+02:00,8.25,8.5,8.25,8.449999809265137,525532
2018-05-28 00:00:00+02:00,8.34000015258789,8.390000343322754,8.3100004196167,8.390000343322754,195345
2018-05-29 00:00:00+02:00,8.220000267028809,8.329999923706055,8.220000267028809,8.300000190734863,376641
2018-05-30 00:00:00+02:00,8.199999809265137,8.220000267028809,7.909999847412109,8.020000457763672,2388298
2018-05-31 00:00:00+02:00,8.020000457763672,8.020000457763672,8.020000457763672,8.020000457763672,0
2018-06-01 00:00:00+02:00,8.029999732971191,8.15999984741211,7.940000057220459,8.15999984741211,305194
2018-06-04 00:00:00+02:00,8.100000381469727,8.479999542236328,8.100000381469727,8.430000305175781,426150
2018-06-05 00:00:00+02:00,8.34000015258789,8.430000305175781,8.229999542236328,8.399999618530273,986746
2018-06-06 00:00:00+02:00,8.329999923706055,8.4399995803833,8.289999961853027,8.399999618530273,522055
2018-06-07 00:00:00+02:00,8.34000015258789,8.460000038146973,8.34000015258789,8.460000038146973,469527
2018-06-08 00:00:00+02:00,8.420000076293945,8.420000076293945,8.329999923706055,8.359999656677246,486906
2018-06-11 00:00:00+02:00,8.300000190734863,8.40999984741211,8.279999732971191,8.279999732971191,385107
2018-06-12 00:00:00+02:00,8.300000190734863,8.40999984741211,8.300000190734863,8.369999885559082,457013
2018-06-13 00:00:00+02:00,8.3100004196167,8.40999984741211,8.199999809265137,8.270000457763672,616791
2018-06-14 00:00:00+02:00,8.289999961853027,8.289999961853027,8.109999656677246,8.109999656677246,557668
2018-06-15 00:00:00+02:00,8.25,8.270000457763672,7.900000095367432,7.900000095367432,2272780
2018-06-18 00:00:00+02:00,7.900000095367432,7.940000057220459,7.599999904632568,7.599999904632568,419198
2018-06-19 00:00:00+02:00,7.429999828338623,7.820000171661377,7.210000038146973,7.670000076293945,1117792
2018-06-20 00:00:00+02:00,7.590000152587891,8.289999961853027,7.590000152587891,8.25,2116548
2018-06-21 00:00:00+02:00,8.270000457763672,8.270000457763672,7.869999885559082,8.0,799298
2018-06-22 00:00:00+02:00,8.050000190734863,8.100000381469727,7.920000076293945,8.050000190734863,681946
2018-06-25 00:00:00+02:00,7.909999847412109,8.149999618530273,7.909999847412109,7.949999809265137,674756
2018-06-26 00:00:00+02:00,8.0,8.050000190734863,7.920000076293945,7.920000076293945,369705
2018-06-27 00:00:00+02:00,7.900000095367432,8.119999885559082,7.880000114440918,8.09000015258789,418387
2018-06-28 00:00:00+02:00,7.960000038146973,8.029999732971191,7.860000133514404,7.860000133514404,285878
2018-06-29 00:00:00+02:00,7.800000190734863,8.140000343322754,7.800000190734863,8.020000457763672,663881
2018-07-02 00:00:00+02:00,7.929999828338623,8.100000381469727,7.900000095367432,8.010000228881836,306957
2018-07-03 00:00:00+02:00,7.929999828338623,8.149999618530273,7.929999828338623,8.039999961853027,182384
2018-07-04 00:00:00+02:00,8.039999961853027,8.199999809265137,8.039999961853027,8.199999809265137,747216
2018-07-05 00:00:00+02:00,8.199999809265137,8.199999809265137,7.920000076293945,7.929999828338623,463922
2018-07-06 00:00:00+02:00,7.960000038146973,8.050000190734863,7.769999980926514,7.880000114440918,734171
2018-07-09 00:00:00+02:00,7.96999979019165,7.96999979019165,7.78000020980835,7.78000020980835,331782
2018-07-10 00:00:00+02:00,7.829999923706055,7.980000019073486,7.699999809265137,7.849999904632568,486172
2018-07-11 00:00:00+02:00,7.71999979019165,7.869999885559082,7.71999979019165,7.75,467929
2018-07-12 00:00:00+02:00,7.900000095367432,8.029999732971191,7.860000133514404,7.949999809265137,670968
2018-07-13 00:00:00+02:00,8.010000228881836,8.029999732971191,7.829999923706055,7.960000038146973,761380
2018-07-16 00:00:00+02:00,7.96999979019165,7.96999979019165,7.789999961853027,7.880000114440918,202110
2018-07-17 00:00:00+02:00,7.730000019073486,7.860000133514404,7.730000019073486,7.730000019073486,313555
2018-07-18 00:00:00+02:00,7.800000190734863,7.800000190734863,7.619999885559082,7.71999979019165,132349
2018-07-19 00:00:00+02:00,7.659999847412109,7.75,7.639999866485596,7.670000076293945,611504
2018-07-20 00:00:00+02:00,7.880000114440918,8.010000228881836,7.679999828338623,8.010000228881836,798334
2018-07-23 00:00:00+02:00,8.020000457763672,8.270000457763672,8.010000228881836,8.199999809265137,358266
2018-07-24 00:00:00+02:00,8.15999984741211,8.699999809265137,8.15999984741211,8.699999809265137,722762
2018-07-25 00:00:00+02:00,8.5600004196167,8.899999618530273,8.449999809265137,8.800000190734863,1054900
2018-07-26 00:00:00+02:00,8.800000190734863,9.15999984741211,8.789999961853027,9.010000228881836,1451228
2018-07-27 00:00:00+02:00,9.069999694824219,9.09000015258789,8.789999961853027,8.880000114440918,1561721
2018-07-30 00:00:00+02:00,8.600000381469727,9.0600004196167,8.5,9.029999732971191,418185
2018-07-31 00:00:00+02:00,8.8100004196167,9.1899995803833,8.8100004196167,9.1899995803833,1526732
2018-08-01 00:00:00+02:00,9.199999809265137,9.260000228881836,8.90999984741211,9.119999885559082,733913
2018-08-02 00:00:00+02:00,9.170000076293945,9.1899995803833,8.989999771118164,9.010000228881836,790486
2018-08-03 00:00:00+02:00,9.0,9.25,9.0,9.100000381469727,381973
2018-08-06 00:00:00+02:00,9.09000015258789,9.229999542236328,9.0600004196167,9.229999542236328,317348
2018-08-07 00:00:00+02:00,9.0,9.220000267028809,8.979999542236328,9.100000381469727,350426
2018-08-08 00:00:00+02:00,9.029999732971191,9.1899995803833,9.029999732971191,9.140000343322754,604380
2018-08-09 00:00:00+02:00,9.050000190734863,9.15999984741211,9.050000190734863,9.130000114440918,842245
2018-08-10 00:00:00+02:00,9.15999984741211,9.15999984741211,8.75,8.770000457763672,349380
2018-08-13 00:00:00+02:00,8.779999732971191,8.880000114440918,8.739999771118164,8.739999771118164,310794
2018-08-14 00:00:00+02:00,8.739999771118164,9.09000015258789,8.680000305175781,8.960000038146973,493678
2018-08-15 00:00:00+02:00,8.960000038146973,8.960000038146973,8.960000038146973,8.960000038146973,0
2018-08-16 00:00:00+02:00,8.899999618530273,8.960000038146973,8.6899995803833,8.850000381469727,1396162
2018-08-17 00:00:00+02:00,8.8100004196167,8.960000038146973,8.75,8.779999732971191,412385
2018-08-20 00:00:00+02:00,8.729999542236328,8.84000015258789,8.630000114440918,8.65999984741211,686927
2018-08-21 00:00:00+02:00,8.710000038146973,8.9399995803833,8.65999984741211,8.9399995803833,398605
2018-08-22 00:00:00+02:00,8.84000015258789,8.930000305175781,8.779999732971191,8.800000190734863,394663
2018-08-23 00:00:00+02:00,8.779999732971191,8.960000038146973,8.739999771118164,8.949999809265137,1006066
2018-08-24 00:00:00+02:00,8.949999809265137,9.119999885559082,8.920000076293945,8.970000267028809,462816
2018-08-27 00:00:00+02:00,8.920000076293945,9.199999809265137,8.920000076293945,9.170000076293945,188779
2018-08-28 00:00:00+02:00,9.0,9.100000381469727,9.0,9.0,259859
2018-08-29 00:00:00+02:00,9.020000457763672,9.100000381469727,8.960000038146973,9.0600004196167,999068
2018-08-30 00:00:00+02:00,9.079999923706055,9.079999923706055,8.989999771118164,9.0,182678
2018-08-31 00:00:00+02:00,8.920000076293945,9.050000190734863,8.920000076293945,8.979999542236328,779117
2018-09-03 00:00:00+02:00,8.869999885559082,9.039999961853027,8.869999885559082,9.0,722908
2018-09-04 00:00:00+02:00,8.90999984741211,9.039999961853027,8.760000228881836,8.760000228881836,916321
2018-09-05 00:00:00+02:00,8.6899995803833,8.890000343322754,8.670000076293945,8.670000076293945,939517
2018-09-06 00:00:00+02:00,8.619999885559082,8.859999656677246,8.550000190734863,8.699999809265137,437915
2018-09-07 00:00:00+02:00,8.850000381469727,8.850000381469727,8.369999885559082,8.489999771118164,664039
2018-09-10 00:00:00+02:00,8.420000076293945,8.850000381469727,8.420000076293945,8.850000381469727,479399
2018-09-11 00:00:00+02:00,8.899999618530273,8.899999618530273,8.359999656677246,8.40999984741211,691742
2018-09-12 00:00:00+02:00,8.65999984741211,8.65999984741211,8.0,8.260000228881836,1444738
2018-09-13 00:00:00+02:00,8.260000228881836,8.5600004196167,8.229999542236328,8.550000190734863,741336
2018-09-14 00:00:00+02:00,8.4399995803833,8.5,8.279999732971191,8.470000267028809,614188
2018-09-17 00:00:00+02:00,8.5,8.5,8.0600004196167,8.199999809265137,1366084
2018-09-18 00:00:00+02:00,8.180000305175781,8.319999694824219,8.130000114440918,8.199999809265137,1008860
2018-09-19 00:00:00+02:00,8.25,8.600000381469727,8.25,8.430000305175781,813396
2018-09-20 00:00:00+02:00,8.329999923706055,8.890000343322754,8.329999923706055,8.890000343322754,1376284
2018-09-21 00:00:00+02:00,8.899999618530273,8.979999542236328,8.65999984741211,8.899999618530273,9945085
2018-09-24 00:00:00+02:00,8.819999694824219,9.109999656677246,8.75,8.850000381469727,1251349
2018-09-25 00:00:00+02:00,8.829999923706055,9.069999694824219,8.829999923706055,9.010000228881836,710839
2018-09-26 00:00:00+02:00,9.010000228881836,9.289999961853027,8.9399995803833,9.220000267028809,697696
2018-09-27 00:00:00+02:00,9.25,9.25,8.979999542236328,9.199999809265137,596578
2018-09-28 00:00:00+02:00,9.220000267028809,9.260000228881836,9.020000457763672,9.25,1359348
2018-10-01 00:00:00+02:00,9.289999961853027,9.359999656677246,9.1899995803833,9.25,784130
2018-10-02 00:00:00+02:00,9.260000228881836,9.260000228881836,9.100000381469727,9.15999984741211,374496
2018-10-03 00:00:00+02:00,9.119999885559082,9.270000457763672,9.109999656677246,9.270000457763672,392724
2018-10-04 00:00:00+02:00,9.289999961853027,9.289999961853027,9.140000343322754,9.25,745637
2018-10-05 00:00:00+02:00,9.15999984741211,9.399999618530273,9.039999961853027,9.039999961853027,854161
2018-10-08 00:00:00+02:00,9.0,9.050000190734863,8.920000076293945,8.979999542236328,328293
2018-10-09 00:00:00+02:00,8.9399995803833,9.029999732971191,8.899999618530273,8.90999984741211,166070
2018-10-10 00:00:00+02:00,8.899999618530273,9.039999961853027,8.770000457763672,8.819999694824219,806887
2018-10-11 00:00:00+02:00,8.550000190734863,8.800000190734863,8.529999732971191,8.800000190734863,651886
2018-10-12 00:00:00+02:00,8.75,8.829999923706055,8.729999542236328,8.770000457763672,720933
2018-10-15 00:00:00+02:00,8.770000457763672,8.770000457763672,8.630000114440918,8.710000038146973,481089
2018-10-16 00:00:00+02:00,8.649999618530273,8.989999771118164,8.649999618530273,8.989999771118164,413838
2018-10-17 00:00:00+02:00,9.0,9.119999885559082,8.859999656677246,8.989999771118164,570811
2018-10-18 00:00:00+02:00,8.949999809265137,8.960000038146973,8.699999809265137,8.800000190734863,726719
2018-10-19 00:00:00+02:00,8.890000343322754,8.890000343322754,8.699999809265137,8.739999771118164,448564
2018-10-22 00:00:00+02:00,8.819999694824219,8.880000114440918,8.699999809265137,8.8100004196167,250010
2018-10-23 00:00:00+02:00,8.699999809265137,8.930000305175781,8.680000305175781,8.739999771118164,749022
2018-10-24 00:00:00+02:00,8.649999618530273,8.789999961853027,8.550000190734863,8.739999771118164,458754
2018-10-25 00:00:00+02:00,8.600000381469727,8.859999656677246,8.520000457763672,8.859999656677246,898489
2018-10-26 00:00:00+02:00,8.720000267028809,8.800000190734863,8.489999771118164,8.550000190734863,257323
2018-10-29 00:00:00+01:00,8.59000015258789,8.739999771118164,8.539999961853027,8.739999771118164,403677
2018-10-30 00:00:00+01:00,8.890000343322754,8.890000343322754,8.569999694824219,8.609999656677246,354025
2018-10-31 00:00:00+01:00,8.699999809265137,8.920000076293945,8.699999809265137,8.829999923706055,1119880
2018-11-01 00:00:00+01:00,8.829999923706055,8.829999923706055,8.829999923706055,8.829999923706055,0
2018-11-02 00:00:00+01:00,8.850000381469727,8.9399995803833,8.800000190734863,8.850000381469727,1155973
2018-11-05 00:00:00+01:00,9.100000381469727,9.140000343322754,8.699999809265137,8.800000190734863,1189154
2018-11-06 00:00:00+01:00,8.869999885559082,9.609999656677246,8.75,9.449999809265137,2152393
2018-11-07 00:00:00+01:00,9.600000381469727,9.819999694824219,9.40999984741211,9.600000381469727,3552735
2018-11-08 00:00:00+01:00,9.609999656677246,9.699999809265137,9.489999771118164,9.569999694824219,818376
2018-11-09 00:00:00+01:00,9.550000190734863,9.5600004196167,9.460000038146973,9.5,1008196
2018-11-12 00:00:00+01:00,9.5,9.5,9.5,9.5,0
2018-11-13 00:00:00+01:00,9.5,9.609999656677246,9.489999771118164,9.489999771118164,1022888
2018-11-14 00:00:00+01:00,9.550000190734863,9.680000305175781,9.420000076293945,9.529999732971191,865292
2018-11-15 00:00:00+01:00,9.529999732971191,9.600000381469727,9.5,9.520000457763672,1243483
2018-11-16 00:00:00+01:00,9.5,9.600000381469727,8.949999809265137,9.119999885559082,1358636
2018-11-19 00:00:00+01:00,9.149999618530273,9.34000015258789,9.149999618530273,9.300000190734863,1197759
2018-11-20 00:00:00+01:00,9.289999961853027,9.430000305175781,9.229999542236328,9.300000190734863,914371
2018-11-21 00:00:00+01:00,9.399999618530273,9.619999885559082,9.270000457763672,9.5,887818
2018-11-22 00:00:00+01:00,9.520000457763672,9.550000190734863,9.399999618530273,9.470000267028809,977849
2018-11-23 00:00:00+01:00,9.380000114440918,9.460000038146973,9.350000381469727,9.390000343322754,707017
2018-11-26 00:00:00+01:00,9.449999809265137,9.489999771118164,9.079999923706055,9.149999618530273,1923938
2018-11-27 00:00:00+01:00,9.25,9.489999771118164,9.15999984741211,9.460000038146973,1032606
2018-11-28 00:00:00+01:00,9.449999809265137,9.600000381469727,9.34000015258789,9.4399995803833,1439391
2018-11-29 00:00:00+01:00,9.460000038146973,9.5,9.25,9.3100004196167,2222164
2018-11-30 00:00:00+01:00,9.359999656677246,9.369999885559082,9.170000076293945,9.210000038146973,1948906
2018-12-03 00:00:00+01:00,9.359999656677246,9.420000076293945,9.25,9.350000381469727,1047462
2018-12-04 00:00:00+01:00,9.350000381469727,9.5,9.300000190734863,9.5,2113528
2018-12-05 00:00:00+01:00,9.300000190734863,9.359999656677246,9.170000076293945,9.25,2764922
2018-12-06 00:00:00+01:00,9.1899995803833,9.239999771118164,8.989999771118164,9.0600004196167,1038423
2018-12-07 00:00:00+01:00,9.149999618530273,9.279999732971191,8.680000305175781,9.010000228881836,1619651
2018-12-10 00:00:00+01:00,9.0,9.109999656677246,8.899999618530273,9.029999732971191,935138
2018-12-11 00:00:00+01:00,9.029999732971191,9.210000038146973,8.949999809265137,8.970000267028809,627695
2018-12-12 00:00:00+01:00,9.050000190734863,9.260000228881836,8.960000038146973,9.170000076293945,827173
2018-12-13 00:00:00+01:00,9.180000305175781,9.609999656677246,9.100000381469727,9.5600004196167,599901
2018-12-14 00:00:00+01:00,9.449999809265137,9.449999809265137,9.109999656677246,9.109999656677246,1073380
2018-12-17 00:00:00+01:00,9.100000381469727,9.239999771118164,9.079999923706055,9.149999618530273,2763348
2018-12-18 00:00:00+01:00,9.050000190734863,9.34000015258789,9.050000190734863,9.279999732971191,549181
2018-12-19 00:00:00+01:00,9.199999809265137,9.289999961853027,9.079999923706055,9.079999923706055,568374
2018-12-20 00:00:00+01:00,9.079999923706055,9.079999923706055,8.789999961853027,8.859999656677246,644244
2018-12-21 00:00:00+01:00,8.760000228881836,8.899999618530273,8.5600004196167,8.699999809265137,1759635
2018-12-24 00:00:00+01:00,8.699999809265137,8.699999809265137,8.699999809265137,8.699999809265137,0
2018-12-25 00:00:00+01:00,8.699999809265137,8.699999809265137,8.699999809265137,8.699999809265137,0
2018-12-26 00:00:00+01:00,8.699999809265137,8.699999809265137,8.699999809265137,8.699999809265137,0
2018-12-27 00:00:00+01:00,8.699999809265137,8.829999923706055,8.6899995803833,8.819999694824219,477516
2018-12-28 00:00:00+01:00,8.84000015258789,8.880000114440918,8.710000038146973,8.869999885559082,484659
2018-12-31 00:00:00+01:00,8.869999885559082,8.869999885559082,8.869999885559082,8.869999885559082,0
2019-01-01 00:00:00+01:00,8.869999885559082,8.869999885559082,8.869999885559082,8.869999885559082,0
2019-01-02 00:00:00+01:00,8.770000457763672,8.960000038146973,8.75,8.960000038146973,366306
2019-01-03 00:00:00+01:00,8.859999656677246,8.970000267028809,8.630000114440918,8.710000038146973,2479114
2019-01-04 00:00:00+01:00,8.720000267028809,8.850000381469727,8.720000267028809,8.800000190734863,745792
2019-01-07 00:00:00+01:00,8.869999885559082,9.0600004196167,8.869999885559082,9.0,777074
2019-01-08 00:00:00+01:00,9.069999694824219,9.100000381469727,8.949999809265137,9.079999923706055,607762
2019-01-09 00:00:00+01:00,9.079999923706055,9.149999618530273,9.010000228881836,9.130000114440918,874198
2019-01-10 00:00:00+01:00,9.130000114440918,9.149999618530273,9.0,9.020000457763672,906632
2019-01-11 00:00:00+01:00,9.039999961853027,9.210000038146973,9.039999961853027,9.149999618530273,393564
2019-01-14 00:00:00+01:00,9.149999618530273,9.149999618530273,9.010000228881836,9.09000015258789,300055
2019-01-15 00:00:00+01:00,9.149999618530273,9.149999618530273,9.029999732971191,9.069999694824219,431242
2019-01-16 00:00:00+01:00,9.069999694824219,9.199999809265137,9.020000457763672,9.1899995803833,768478
2019-01-17 00:00:00+01:00,9.199999809265137,9.399999618530273,9.1899995803833,9.289999961853027,414566
2019-01-18 00:00:00+01:00,9.380000114440918,9.380000114440918,9.180000305175781,9.350000381469727,950799
2019-01-21 00:00:00+01:00,9.350000381469727,9.390000343322754,9.170000076293945,9.3100004196167,130921
2019-01-22 00:00:00+01:00,9.380000114440918,9.390000343322754,9.119999885559082,9.220000267028809,736432
2019-01-23 00:00:00+01:00,9.109999656677246,9.59000015258789,9.109999656677246,9.510000228881836,821664
2019-01-24 00:00:00+01:00,9.510000228881836,9.609999656677246,9.210000038146973,9.369999885559082,313720
2019-01-25 00:00:00+01:00,9.300000190734863,9.300000190734863,9.0,9.0,858213
2019-01-28 00:00:00+01:00,9.020000457763672,9.140000343322754,8.880000114440918,8.949999809265137,926430
2019-01-29 00:00:00+01:00,8.890000343322754,9.039999961853027,8.890000343322754,8.970000267028809,243546
2019-01-30 00:00:00+01:00,8.920000076293945,8.970000267028809,8.609999656677246,8.649999618530273,654729
2019-01-31 00:00:00+01:00,8.670000076293945,8.899999618530273,8.670000076293945,8.819999694824219,564263
2019-02-01 00:00:00+01:00,8.819999694824219,8.920000076293945,8.729999542236328,8.920000076293945,364534
2019-02-04 00:00:00+01:00,8.930000305175781,8.960000038146973,8.779999732971191,8.819999694824219,148864
2019-02-05 00:00:00+01:00,9.050000190734863,9.149999618530273,8.880000114440918,9.149999618530273,477808
2019-02-06 00:00:00+01:00,9.109999656677246,9.380000114440918,9.109999656677246,9.350000381469727,1193869
2019-02-07 00:00:00+01:00,9.350000381469727,9.350000381469727,8.829999923706055,9.039999961853027,486837
2019-02-08 00:00:00+01:00,9.079999923706055,9.079999923706055,8.850000381469727,8.989999771118164,529594
2019-02-11 00:00:00+01:00,8.949999809265137,9.130000114440918,8.850000381469727,9.050000190734863,477976
2019-02-12 00:00:00+01:00,9.119999885559082,9.170000076293945,9.0,9.149999618530273,297192
2019-02-13 00:00:00+01:00,9.15999984741211,9.15999984741211,8.859999656677246,8.880000114440918,348015
2019-02-14 00:00:00+01:00,8.960000038146973,8.960000038146973,8.520000457763672,8.520000457763672,341115
2019-02-15 00:00:00+01:00,8.550000190734863,8.84000015258789,8.529999732971191,8.84000015258789,557867
2019-02-18 00:00:00+01:00,8.899999618530273,8.899999618530273,8.720000267028809,8.800000190734863,623186
2019-02-19 00:00:00+01:00,8.720000267028809,8.84000015258789,8.720000267028809,8.760000228881836,384408
2019-02-20 00:00:00+01:00,8.850000381469727,8.880000114440918,8.770000457763672,8.8100004196167,1192432
2019-02-21 00:00:00+01:00,8.850000381469727,9.069999694824219,8.819999694824219,9.069999694824219,937749
2019-02-22 00:00:00+01:00,9.09000015258789,9.09000015258789,8.970000267028809,9.050000190734863,516950
2019-02-25 00:00:00+01:00,9.09000015258789,9.15999984741211,8.890000343322754,9.15999984741211,323246
2019-02-26 00:00:00+01:00,9.100000381469727,9.149999618530273,9.010000228881836,9.119999885559082,290576
2019-02-27 00:00:00+01:00,9.050000190734863,9.09000015258789,8.850000381469727,8.899999618530273,327580
2019-02-28 00:00:00+01:00,8.9399995803833,8.9399995803833,8.649999618530273,8.649999618530273,907131
2019-03-01 00:00:00+01:00,8.729999542236328,9.069999694824219,8.729999542236328,9.029999732971191,511390
2019-03-04 00:00:00+01:00,9.039999961853027,9.050000190734863,8.949999809265137,9.0,301092
2019-03-05 00:00:00+01:00,9.0,9.0,8.90999984741211,8.90999984741211,291808
2019-03-06 00:00:00+01:00,8.949999809265137,9.0,8.90999984741211,8.989999771118164,234815
2019-03-07 00:00:00+01:00,8.989999771118164,8.989999771118164,8.890000343322754,8.899999618530273,254985
2019-03-08 00:00:00+01:00,8.899999618530273,8.90999984741211,8.770000457763672,8.770000457763672,319849
2019-03-11 00:00:00+01:00,8.770000457763672,9.050000190734863,8.770000457763672,8.859999656677246,513462
2019-03-12 00:00:00+01:00,8.899999618530273,9.079999923706055,8.899999618530273,8.949999809265137,278907
2019-03-13 00:00:00+01:00,8.899999618530273,9.130000114440918,8.899999618530273,9.100000381469727,259729
2019-03-14 00:00:00+01:00,9.100000381469727,9.149999618530273,9.020000457763672,9.09000015258789,163373
2019-03-15 00:00:00+01:00,9.100000381469727,9.5,9.039999961853027,9.25,2544695
2019-03-18 00:00:00+01:00,9.239999771118164,9.300000190734863,9.140000343322754,9.229999542236328,206832
2019-03-19 00:00:00+01:00,9.239999771118164,9.34000015258789,9.170000076293945,9.3100004196167,716326
2019-03-20 00:00:00+01:00,9.279999732971191,9.399999618530273,9.210000038146973,9.399999618530273,495414
2019-03-21 00:00:00+01:00,9.399999618530273,9.399999618530273,9.300000190734863,9.369999885559082,656933
2019-03-22 00:00:00+01:00,9.390000343322754,9.399999618530273,9.199999809265137,9.220000267028809,364677
2019-03-25 00:00:00+01:00,9.140000343322754,9.1899995803833,8.920000076293945,8.979999542236328,373180
2019-03-26 00:00:00+01:00,9.079999923706055,9.1899995803833,9.010000228881836,9.1899995803833,276631
2019-03-27 00:00:00+01:00,9.140000343322754,9.289999961853027,9.140000343322754,9.260000228881836,342052
2019-03-28 00:00:00+01:00,9.220000267028809,9.319999694824219,9.09000015258789,9.119999885559082,957068
2019-03-29 00:00:00+01:00,9.220000267028809,9.220000267028809,8.9399995803833,8.9399995803833,399103
2019-04-01 00:00:00+02:00,9.050000190734863,9.119999885559082,8.960000038146973,8.984999656677246,384051
2019-04-02 00:00:00+02:00,9.010000228881836,9.470000267028809,9.010000228881836,9.25,558348
2019-04-03 00:00:00+02:00,9.399999618530273,9.670000076293945,9.399999618530273,9.59000015258789,825395
2019-04-04 00:00:00+02:00,9.5600004196167,9.59000015258789,9.4350004196167,9.5600004196167,330316
2019-04-05 00:00:00+02:00,9.619999885559082,9.680000305175781,9.3100004196167,9.385000228881836,271008
2019-04-08 00:00:00+02:00,9.449999809265137,9.529999732971191,9.369999885559082,9.5,670421
2019-04-09 00:00:00+02:00,9.5,9.545000076293945,9.449999809265137,9.479999542236328,850107
2019-04-10 00:00:00+02:00,9.520000457763672,9.520000457763672,9.4399995803833,9.5,295764
2019-04-11 00:00:00+02:00,9.550000190734863,9.550000190734863,9.449999809265137,9.484999656677246,170413
2019-04-12 00:00:00+02:00,9.420000076293945,9.505000114440918,9.420000076293945,9.489999771118164,626029
2019-04-15 00:00:00+02:00,9.5,9.520000457763672,9.479999542236328,9.520000457763672,842554
2019-04-16 00:00:00+02:00,9.550000190734863,9.569999694824219,9.5,9.569999694824219,700765
2019-04-17 00:00:00+02:00,9.59000015258789,9.59000015258789,9.524999618530273,9.569999694824219,963632
2019-04-18 00:00:00+02:00,9.569999694824219,9.579999923706055,9.4399995803833,9.550000190734863,206598
2019-04-19 00:00:00+02:00,9.550000190734863,9.550000190734863,9.550000190734863,9.550000190734863,0
2019-04-22 00:00:00+02:00,9.550000190734863,9.550000190734863,9.550000190734863,9.550000190734863,0
2019-04-23 00:00:00+02:00,9.4399995803833,9.494999885559082,9.364999771118164,9.4350004196167,686682
2019-04-24 00:00:00+02:00,9.399999618530273,9.520000457763672,9.369999885559082,9.510000228881836,807742
2019-04-25 00:00:00+02:00,9.399999618530273,9.645000457763672,9.359999656677246,9.645000457763672,638677
2019-04-26 00:00:00+02:00,9.604999542236328,9.734999656677246,9.520000457763672,9.734999656677246,622263
2019-04-29 00:00:00+02:00,9.720000267028809,9.720000267028809,9.579999923706055,9.645000457763672,971689
2019-04-30 00:00:00+02:00,9.600000381469727,9.694999694824219,9.399999618530273,9.645000457763672,714623
2019-05-01 00:00:00+02:00,9.645000457763672,9.645000457763672,9.645000457763672,9.645000457763672,0
2019-05-02 00:00:00+02:00,9.5600004196167,9.619999885559082,9.4399995803833,9.539999961853027,341536
2019-05-03 00:00:00+02:00,9.539999961853027,9.539999961853027,9.539999961853027,9.539999961853027,0
2019-05-06 00:00:00+02:00,9.359999656677246,9.649999618530273,8.899999618530273,9.579999923706055,539240
2019-05-07 00:00:00+02:00,9.5649995803833,9.5649995803833,9.350000381469727,9.350000381469727,304022
2019-05-08 00:00:00+02:00,9.279999732971191,9.395000457763672,9.104999542236328,9.140000343322754,388918
2019-05-09 00:00:00+02:00,9.100000381469727,9.239999771118164,9.0,9.074999809265137,408172
2019-05-10 00:00:00+02:00,9.079999923706055,9.1899995803833,9.055000305175781,9.055000305175781,383491
2019-05-13 00:00:00+02:00,9.055000305175781,9.220000267028809,9.050000190734863,9.050000190734863,501702
2019-05-14 00:00:00+02:00,9.050000190734863,9.125,8.819999694824219,8.819999694824219,737733
2019-05-15 00:00:00+02:00,8.864999771118164,8.890000343322754,8.555000305175781,8.789999961853027,809597
2019-05-16 00:00:00+02:00,8.739999771118164,8.854999542236328,8.550000190734863,8.5600004196167,532543
2019-05-17 00:00:00+02:00,8.699999809265137,8.770000457763672,8.600000381469727,8.71500015258789,418035
2019-05-20 00:00:00+02:00,8.75,8.800000190734863,8.5600004196167,8.734999656677246,322062
2019-05-21 00:00:00+02:00,8.850000381469727,9.364999771118164,8.704999923706055,9.1850004196167,911637
2019-05-22 00:00:00+02:00,9.119999885559082,9.255000114440918,9.119999885559082,9.25,856336
2019-05-23 00:00:00+02:00,9.125,9.260000228881836,9.09000015258789,9.140000343322754,458251
2019-05-24 00:00:00+02:00,9.140000343322754,9.229999542236328,9.09000015258789,9.199999809265137,674847
2019-05-27 00:00:00+02:00,9.199999809265137,9.210000038146973,8.875,8.930000305175781,142590
2019-05-28 00:00:00+02:00,8.954999923706055,9.364999771118164,8.949999809265137,9.104999542236328,2888397
2019-05-29 00:00:00+02:00,9.104999542236328,9.335000038146973,9.09000015258789,9.335000038146973,730485
2019-05-30 00:00:00+02:00,9.359999656677246,9.649999618530273,9.270000457763672,9.5,728265
2019-05-31 00:00:00+02:00,9.53499984741211,9.569999694824219,9.319999694824219,9.569999694824219,433863
2019-06-03 00:00:00+02:00,9.510000228881836,9.53499984741211,9.359999656677246,9.53499984741211,691862
2019-06-04 00:00:00+02:00,9.53499984741211,9.53499984741211,9.425000190734863,9.489999771118164,454523
2019-06-05 00:00:00+02:00,9.375,9.545000076293945,9.375,9.510000228881836,716814
2019-06-06 00:00:00+02:00,9.515000343322754,9.640000343322754,9.5,9.569999694824219,244442
2019-06-07 00:00:00+02:00,9.5,9.619999885559082,9.5,9.600000381469727,754376
2019-06-10 00:00:00+02:00,9.595000267028809,9.635000228881836,9.539999961853027,9.635000228881836,385943
2019-06-11 00:00:00+02:00,9.529999732971191,9.6899995803833,9.489999771118164,9.585000038146973,1234100
2019-06-12 00:00:00+02:00,9.5,9.59000015258789,9.3100004196167,9.425000190734863,495587
2019-06-13 00:00:00+02:00,9.350000381469727,9.574999809265137,9.350000381469727,9.425000190734863,296558
2019-06-14 00:00:00+02:00,9.319999694824219,9.539999961853027,9.25,9.354999542236328,354920
2019-06-17 00:00:00+02:00,9.350000381469727,9.399999618530273,9.199999809265137,9.199999809265137,504895
2019-06-18 00:00:00+02:00,9.154999732971191,9.59000015258789,9.154999732971191,9.555000305175781,891743
2019-06-19 00:00:00+02:00,9.545000076293945,9.75,9.520000457763672,9.664999961853027,434564
2019-06-20 00:00:00+02:00,9.664999961853027,9.664999961853027,9.664999961853027,9.664999961853027,0
2019-06-21 00:00:00+02:00,9.600000381469727,9.625,9.1850004196167,9.520000457763672,1537893
2019-06-24 00:00:00+02:00,9.59000015258789,9.699999809265137,9.5,9.649999618530273,832250
2019-06-25 00:00:00+02:00,9.699999809265137,9.699999809265137,9.524999618530273,9.579999923706055,751498
2019-06-26 00:00:00+02:00,9.649999618530273,9.649999618530273,9.5,9.635000228881836,681022
2019-06-27 00:00:00+02:00,9.5,9.619999885559082,9.319999694824219,9.390000343322754,1019619
2019-06-28 00:00:00+02:00,9.350000381469727,9.399999618530273,9.239999771118164,9.359999656677246,567983
2019-07-01 00:00:00+02:00,9.324999809265137,9.449999809265137,9.324999809265137,9.449999809265137,763114
2019-07-02 00:00:00+02:00,9.430000305175781,9.449999809265137,9.350000381469727,9.399999618530273,844654
2019-07-03 00:00:00+02:00,9.300000190734863,9.475000381469727,9.300000190734863,9.359999656677246,1228253
2019-07-04 00:00:00+02:00,9.399999618530273,9.40999984741211,9.130000114440918,9.130000114440918,2328146
2019-07-05 00:00:00+02:00,9.100000381469727,9.210000038146973,9.0600004196167,9.135000228881836,653353
2019-07-08 00:00:00+02:00,9.109999656677246,9.28499984741211,9.109999656677246,9.279999732971191,890185
2019-07-09 00:00:00+02:00,9.164999961853027,9.220000267028809,8.920000076293945,8.949999809265137,579785
2019-07-10 00:00:00+02:00,8.949999809265137,8.975000381469727,8.829999923706055,8.904999732971191,1886764
2019-07-11 00:00:00+02:00,8.920000076293945,8.979999542236328,8.920000076293945,8.979999542236328,409009
2019-07-12 00:00:00+02:00,8.979999542236328,8.979999542236328,8.704999923706055,8.704999923706055,236227
2019-07-15 00:00:00+02:00,8.710000038146973,8.850000381469727,8.649999618530273,8.699999809265137,256852
2019-07-16 00:00:00+02:00,8.699999809265137,8.710000038146973,8.5,8.5,619349
2019-07-17 00:00:00+02:00,8.5,8.5,8.279999732971191,8.335000038146973,1822591
2019-07-18 00:00:00+02:00,8.300000190734863,8.300000190734863,7.989999771118164,8.170000076293945,2313719
2019-07-19 00:00:00+02:00,8.260000228881836,8.295000076293945,8.135000228881836,8.199999809265137,1008207
2019-07-22 00:00:00+02:00,8.199999809265137,8.300000190734863,8.130000114440918,8.149999618530273,956057
2019-07-23 00:00:00+02:00,8.125,8.270000457763672,8.125,8.199999809265137,693522
2019-07-24 00:00:00+02:00,8.194999694824219,8.279999732971191,8.170000076293945,8.25,1050452
2019-07-25 00:00:00+02:00,8.270000457763672,8.475000381469727,8.0,8.020000457763672,1384664
2019-07-26 00:00:00+02:00,8.125,8.149999618530273,7.559999942779541,7.800000190734863,1606535
2019-07-29 00:00:00+02:00,7.989999771118164,8.0,7.840000152587891,7.90500020980835,311385
2019-07-30 00:00:00+02:00,7.849999904632568,7.909999847412109,7.840000152587891,7.894999980926514,909794
2019-07-31 00:00:00+02:00,7.849999904632568,7.900000095367432,7.559999942779541,7.565000057220459,2250933
2019-08-01 00:00:00+02:00,7.565000057220459,7.710000038146973,7.449999809265137,7.510000228881836,461132
2019-08-02 00:00:00+02:00,7.46999979019165,7.550000190734863,7.360000133514404,7.46999979019165,434455
2019-08-05 00:00:00+02:00,7.449999809265137,7.465000152587891,7.25,7.335000038146973,1318272
2019-08-06 00:00:00+02:00,7.315000057220459,7.480000019073486,7.239999771118164,7.394999980926514,1029530
2019-08-07 00:00:00+02:00,7.440000057220459,7.670000076293945,7.380000114440918,7.454999923706055,741192
2019-08-08 00:00:00+02:00,7.550000190734863,7.59499979019165,7.465000152587891,7.53000020980835,758073
2019-08-09 00:00:00+02:00,7.53000020980835,7.579999923706055,7.260000228881836,7.269999980926514,440402
2019-08-12 00:00:00+02:00,7.309999942779541,7.34499979019165,7.199999809265137,7.28000020980835,206516
2019-08-13 00:00:00+02:00,7.25,7.454999923706055,7.119999885559082,7.295000076293945,650418
2019-08-14 00:00:00+02:00,7.269999980926514,7.28000020980835,6.985000133514404,6.985000133514404,835287
2019-08-15 00:00:00+02:00,6.985000133514404,6.985000133514404,6.985000133514404,6.985000133514404,0
2019-08-16 00:00:00+02:00,7.0,7.0,6.755000114440918,6.829999923706055,717226
2019-08-19 00:00:00+02:00,6.840000152587891,7.070000171661377,6.840000152587891,6.920000076293945,1166834
2019-08-20 00:00:00+02:00,7.0,7.070000171661377,6.949999809265137,7.0,460396
2019-08-21 00:00:00+02:00,7.0,7.179999828338623,7.0,7.059999942779541,510556
2019-08-22 00:00:00+02:00,7.019999980926514,7.255000114440918,6.985000133514404,7.150000095367432,460950
2019-08-23 00:00:00+02:00,7.150000095367432,7.369999885559082,7.105000019073486,7.239999771118164,625799
2019-08-26 00:00:00+02:00,7.125,7.434999942779541,7.105000019073486,7.329999923706055,703931
2019-08-27 00:00:00+02:00,7.40500020980835,7.440000057220459,7.199999809265137,7.360000133514404,2628126
2019-08-28 00:00:00+02:00,7.369999885559082,7.369999885559082,6.380000114440918,6.380000114440918,3842631
2019-08-29 00:00:00+02:00,6.400000095367432,6.465000152587891,6.074999809265137,6.400000095367432,1596964
2019-08-30 00:00:00+02:00,6.420000076293945,6.699999809265137,6.409999847412109,6.664999961853027,1147158
2019-09-02 00:00:00+02:00,6.78000020980835,6.78000020980835,6.554999828338623,6.650000095367432,255282
2019-09-03 00:00:00+02:00,6.699999809265137,6.829999923706055,6.525000095367432,6.78000020980835,1391177
2019-09-04 00:00:00+02:00,6.800000190734863,6.829999923706055,6.519999980926514,6.639999866485596,1085312
2019-09-05 00:00:00+02:00,6.639999866485596,6.699999809265137,6.519999980926514,6.53000020980835,471699
2019-09-06 00:00:00+02:00,6.539999961853027,6.670000076293945,6.485000133514404,6.514999866485596,754807
2019-09-09 00:00:00+02:00,6.449999809265137,6.670000076293945,6.449999809265137,6.59499979019165,1172165
2019-09-10 00:00:00+02:00,6.59499979019165,6.659999847412109,6.525000095367432,6.579999923706055,451544
2019-09-11 00:00:00+02:00,6.590000152587891,6.590000152587891,6.429999828338623,6.489999771118164,619175
2019-09-12 00:00:00+02:00,6.53000020980835,6.590000152587891,6.264999866485596,6.400000095367432,795842
2019-09-13 00:00:00+02:00,6.394999980926514,6.539999961853027,6.364999771118164,6.460000038146973,529411
2019-09-16 00:00:00+02:00,6.5,6.590000152587891,6.454999923706055,6.579999923706055,1033089
2019-09-17 00:00:00+02:00,6.534999847412109,6.570000171661377,6.409999847412109,6.570000171661377,1955101
2019-09-18 00:00:00+02:00,6.590000152587891,6.599999904632568,6.199999809265137,6.284999847412109,1237519
2019-09-19 00:00:00+02:00,6.289999961853027,6.335000038146973,6.224999904632568,6.28000020980835,371353
2019-09-20 00:00:00+02:00,6.21999979019165,6.239999771118164,5.809999942779541,5.894999980926514,2140832
2019-09-23 00:00:00+02:00,5.900000095367432,5.920000076293945,5.605000019073486,5.864999771118164,1024658
2019-09-24 00:00:00+02:00,5.820000171661377,6.074999809265137,5.809999942779541,6.0,1997682
2019-09-25 00:00:00+02:00,5.71999979019165,5.980000019073486,5.690000057220459,5.949999809265137,1233094
2019-09-26 00:00:00+02:00,5.800000190734863,6.019999980926514,5.800000190734863,5.965000152587891,969222
2019-09-27 00:00:00+02:00,5.880000114440918,6.0,5.860000133514404,5.945000171661377,675406
2019-09-30 00:00:00+02:00,5.889999866485596,5.889999866485596,5.715000152587891,5.715000152587891,803731
2019-10-01 00:00:00+02:00,5.619999885559082,5.900000095367432,5.619999885559082,5.650000095367432,1524227
2019-10-02 00:00:00+02:00,5.605000019073486,5.860000133514404,5.585000038146973,5.75,1652062
2019-10-03 00:00:00+02:00,5.75,6.324999809265137,5.099999904632568,5.300000190734863,5727988
2019-10-04 00:00:00+02:00,5.409999847412109,5.590000152587891,5.409999847412109,5.474999904632568,1249975
2019-10-07 00:00:00+02:00,5.550000190734863,5.550000190734863,5.289999961853027,5.385000228881836,382800
2019-10-08 00:00:00+02:00,5.364999771118164,5.565000057220459,5.364999771118164,5.525000095367432,805344
2019-10-09 00:00:00+02:00,5.534999847412109,5.724999904632568,5.434999942779541,5.710000038146973,820687
2019-10-10 00:00:00+02:00,5.71999979019165,5.75,5.5,5.559999942779541,945066
2019-10-11 00:00:00+02:00,5.625,5.864999771118164,5.565000057220459,5.800000190734863,1205958
2019-10-14 00:00:00+02:00,5.815000057220459,5.920000076293945,5.599999904632568,5.735000133514404,1166314
2019-10-15 00:00:00+02:00,5.795000076293945,6.014999866485596,5.764999866485596,6.0,670802
2019-10-16 00:00:00+02:00,6.0,6.150000095367432,5.989999771118164,6.099999904632568,1310196
2019-10-17 00:00:00+02:00,6.105000019073486,6.394999980926514,6.059999942779541,6.355000019073486,1545786
2019-10-18 00:00:00+02:00,6.335000038146973,6.394999980926514,6.099999904632568,6.144999980926514,1593674
2019-10-21 00:00:00+02:00,6.199999809265137,6.25,6.150000095367432,6.199999809265137,622437
2019-10-22 00:00:00+02:00,6.210000038146973,6.260000228881836,6.130000114440918,6.235000133514404,3482580
2019-10-23 00:00:00+02:00,6.21999979019165,6.230000019073486,6.150000095367432,6.21999979019165,487885
2019-10-24 00:00:00+02:00,6.21999979019165,6.28000020980835,6.150000095367432,6.260000228881836,1363894
2019-10-25 00:00:00+02:00,6.21999979019165,6.21999979019165,5.820000171661377,5.829999923706055,2901524
2019-10-28 00:00:00+01:00,5.900000095367432,6.090000152587891,5.849999904632568,6.039999961853027,752416
2019-10-29 00:00:00+01:00,6.079999923706055,6.199999809265137,5.974999904632568,6.199999809265137,1065502
2019-10-30 00:00:00+01:00,6.190000057220459,6.235000133514404,6.125,6.235000133514404,1443139
2019-10-31 00:00:00+01:00,6.239999771118164,6.28000020980835,6.059999942779541,6.144999980926514,867745
2019-11-01 00:00:00+01:00,6.144999980926514,6.144999980926514,6.144999980926514,6.144999980926514,0
2019-11-04 00:00:00+01:00,6.144999980926514,6.25,6.099999904632568,6.164999961853027,1046773
2019-11-05 00:00:00+01:00,6.150000095367432,6.394999980926514,6.150000095367432,6.394999980926514,698751
2019-11-06 00:00:00+01:00,6.400000095367432,6.400000095367432,6.105000019073486,6.150000095367432,775310
2019-11-07 00:00:00+01:00,6.239999771118164,6.239999771118164,6.019999980926514,6.059999942779541,460280
2019-11-08 00:00:00+01:00,6.039999961853027,6.045000076293945,5.840000152587891,5.900000095367432,414155
2019-11-11 00:00:00+01:00,5.900000095367432,5.900000095367432,5.900000095367432,5.900000095367432,0
2019-11-12 00:00:00+01:00,5.875,6.099999904632568,5.875,6.090000152587891,825256
2019-11-13 00:00:00+01:00,6.090000152587891,6.090000152587891,5.864999771118164,5.985000133514404,406578
2019-11-14 00:00:00+01:00,5.920000076293945,6.045000076293945,5.864999771118164,5.929999828338623,528192
2019-11-15 00:00:00+01:00,5.994999885559082,6.0,5.784999847412109,5.849999904632568,481071
2019-11-18 00:00:00+01:00,5.900000095367432,6.03000020980835,5.840000152587891,6.03000020980835,453921
2019-11-19 00:00:00+01:00,6.039999961853027,6.105000019073486,5.824999809265137,5.929999828338623,643438
2019-11-20 00:00:00+01:00,5.880000114440918,5.96999979019165,5.650000095367432,5.75,493726
2019-11-21 00:00:00+01:00,5.75,5.75,5.485000133514404,5.5,993766
2019-11-22 00:00:00+01:00,5.610000133514404,5.710000038146973,5.460000038146973,5.599999904632568,707938
2019-11-25 00:00:00+01:00,5.599999904632568,5.764999866485596,5.599999904632568,5.675000190734863,986157
2019-11-26 00:00:00+01:00,5.630000114440918,5.75,5.610000133514404,5.75,2753737
2019-11-27 00:00:00+01:00,5.769999980926514,5.840000152587891,5.730000019073486,5.809999942779541,673907
2019-11-28 00:00:00+01:00,5.849999904632568,5.849999904632568,5.554999828338623,5.59499979019165,430573
2019-11-29 00:00:00+01:00,5.619999885559082,5.679999828338623,5.519999980926514,5.519999980926514,682147
2019-12-02 00:00:00+01:00,5.519999980926514,5.619999885559082,5.420000076293945,5.5,263149
2019-12-03 00:00:00+01:00,5.570000171661377,5.570000171661377,5.320000171661377,5.429999828338623,855102
2019-12-04 00:00:00+01:00,5.440000057220459,5.519999980926514,5.425000190734863,5.489999771118164,282607
2019-12-05 00:00:00+01:00,5.489999771118164,5.590000152587891,5.449999809265137,5.489999771118164,776241
2019-12-06 00:00:00+01:00,5.5,5.684999942779541,5.5,5.675000190734863,538250
2019-12-09 00:00:00+01:00,5.730000019073486,5.739999771118164,5.65500020980835,5.699999809265137,361474
2019-12-10 00:00:00+01:00,5.730000019073486,5.730000019073486,5.539999961853027,5.590000152587891,559789
2019-12-11 00:00:00+01:00,5.599999904632568,5.599999904632568,5.425000190734863,5.440000057220459,350105
2019-12-12 00:00:00+01:00,5.400000095367432,5.710000038146973,5.394999980926514,5.710000038146973,748694
2019-12-13 00:00:00+01:00,5.71999979019165,5.789999961853027,5.630000114440918,5.710000038146973,341182
2019-12-16 00:00:00+01:00,5.650000095367432,5.715000152587891,5.550000190734863,5.550000190734863,256781
2019-12-17 00:00:00+01:00,5.550000190734863,5.684999942779541,5.489999771118164,5.684999942779541,440312
2019-12-18 00:00:00+01:00,5.679999828338623,5.690000057220459,5.550000190734863,5.675000190734863,268145
2019-12-19 00:00:00+01:00,5.675000190734863,5.78000020980835,5.619999885559082,5.775000095367432,499542
2019-12-20 00:00:00+01:00,5.715000152587891,5.945000171661377,5.619999885559082,5.795000076293945,1733413
2019-12-23 00:00:00+01:00,5.730000019073486,5.84499979019165,5.710000038146973,5.809999942779541,299036
2019-12-24 00:00:00+01:00,5.809999942779541,5.809999942779541,5.809999942779541,5.809999942779541,0
2019-12-25 00:00:00+01:00,5.809999942779541,5.809999942779541,5.809999942779541,5.809999942779541,0
2019-12-26 00:00:00+01:00,5.809999942779541,5.809999942779541,5.809999942779541,5.809999942779541,0
2019-12-27 00:00:00+01:00,5.795000076293945,5.889999866485596,5.795000076293945,5.849999904632568,504351
2019-12-30 00:00:00+01:00,5.869999885559082,5.869999885559082,5.735000133514404,5.849999904632568,272054
2019-12-31 00:00:00+01:00,5.849999904632568,5.849999904632568,5.849999904632568,5.849999904632568,0
2020-01-01 00:00:00+01:00,5.849999904632568,5.849999904632568,5.849999904632568,5.849999904632568,0
2020-01-02 00:00:00+01:00,5.849999904632568,6.170000076293945,5.820000171661377,6.130000114440918,808298
2020-01-03 00:00:00+01:00,6.159999847412109,6.159999847412109,5.849999904632568,5.949999809265137,882812
2020-01-06 00:00:00+01:00,5.949999809265137,5.949999809265137,5.949999809265137,5.949999809265137,0
2020-01-07 00:00:00+01:00,5.989999771118164,6.150000095367432,5.90500020980835,6.105000019073486,651651
2020-01-08 00:00:00+01:00,6.099999904632568,6.099999904632568,5.804999828338623,5.864999771118164,1613999
2020-01-09 00:00:00+01:00,5.849999904632568,6.025000095367432,5.849999904632568,6.019999980926514,1306311
2020-01-10 00:00:00+01:00,6.019999980926514,6.019999980926514,5.880000114440918,5.989999771118164,441425
2020-01-13 00:00:00+01:00,5.980000019073486,6.005000114440918,5.869999885559082,6.005000114440918,989002
2020-01-14 00:00:00+01:00,6.025000095367432,6.21999979019165,5.989999771118164,6.210000038146973,1267106
2020-01-15 00:00:00+01:00,6.199999809265137,6.230000019073486,6.059999942779541,6.119999885559082,672969
2020-01-16 00:00:00+01:00,6.050000190734863,6.159999847412109,6.010000228881836,6.135000228881836,577864
2020-01-17 00:00:00+01:00,6.150000095367432,6.239999771118164,6.09499979019165,6.144999980926514,734017
2020-01-20 00:00:00+01:00,6.199999809265137,6.199999809265137,6.005000114440918,6.010000228881836,212205
2020-01-21 00:00:00+01:00,6.019999980926514,6.045000076293945,5.800000190734863,5.875,470873
2020-01-22 00:00:00+01:00,5.940000057220459,5.96999979019165,5.829999923706055,5.885000228881836,424079
2020-01-23 00:00:00+01:00,5.809999942779541,5.980000019073486,5.809999942779541,5.945000171661377,584806
2020-01-24 00:00:00+01:00,5.96999979019165,6.039999961853027,5.929999828338623,6.039999961853027,149523
2020-01-27 00:00:00+01:00,6.0,6.0,5.800000190734863,5.909999847412109,396515
2020-01-28 00:00:00+01:00,5.960000038146973,5.960000038146973,5.800000190734863,5.800000190734863,448516
2020-01-29 00:00:00+01:00,5.804999828338623,5.889999866485596,5.804999828338623,5.849999904632568,637348
2020-01-30 00:00:00+01:00,5.849999904632568,6.0,5.800000190734863,5.985000133514404,267701
2020-01-31 00:00:00+01:00,6.0,6.0,5.840000152587891,5.940000057220459,868407
2020-02-03 00:00:00+01:00,5.820000171661377,5.934999942779541,5.695000171661377,5.760000228881836,2487609
2020-02-04 00:00:00+01:00,5.699999809265137,6.039999961853027,5.699999809265137,5.90500020980835,588356
2020-02-05 00:00:00+01:00,6.0,6.0,5.855000019073486,5.934999942779541,732206
2020-02-06 00:00:00+01:00,5.949999809265137,6.110000133514404,5.925000190734863,6.014999866485596,700456
2020-02-07 00:00:00+01:00,5.940000057220459,6.159999847412109,5.90500020980835,6.159999847412109,840935
2020-02-10 00:00:00+01:00,6.159999847412109,6.275000095367432,6.059999942779541,6.099999904632568,577623
2020-02-11 00:00:00+01:00,6.099999904632568,6.164999961853027,6.010000228881836,6.09499979019165,344781
2020-02-12 00:00:00+01:00,6.150000095367432,6.184999942779541,5.800000190734863,5.860000133514404,813591
2020-02-13 00:00:00+01:00,5.909999847412109,5.914999961853027,5.789999961853027,5.875,315664
2020-02-14 00:00:00+01:00,5.909999847412109,5.949999809265137,5.804999828338623,5.804999828338623,385357
2020-02-17 00:00:00+01:00,5.804999828338623,6.090000152587891,5.804999828338623,6.065000057220459,421705
2020-02-18 00:00:00+01:00,6.090000152587891,6.090000152587891,5.929999828338623,5.949999809265137,377326
2020-02-19 00:00:00+01:00,6.0,6.045000076293945,5.929999828338623,6.005000114440918,630944
2020-02-20 00:00:00+01:00,6.0,6.039999961853027,5.965000152587891,6.0,368044
2020-02-21 00:00:00+01:00,6.050000190734863,6.050000190734863,5.940000057220459,5.994999885559082,812225
2020-02-24 00:00:00+01:00,5.934999942779541,5.934999942779541,5.599999904632568,5.639999866485596,714656
2020-02-25 00:00:00+01:00,5.599999904632568,5.639999866485596,5.315000057220459,5.349999904632568,1069234
2020-02-26 00:00:00+01:00,5.230000019073486,5.349999904632568,5.150000095367432,5.224999904632568,2357558
2020-02-27 00:00:00+01:00,5.295000076293945,5.300000190734863,5.09499979019165,5.175000190734863,1397623
2020-02-28 00:00:00+01:00,5.010000228881836,5.079999923706055,4.826000213623047,4.826000213623047,1943994
2020-03-02 00:00:00+01:00,5.09499979019165,5.199999809265137,4.763999938964844,4.763999938964844,1309207
2020-03-03 00:00:00+01:00,4.849999904632568,5.114999771118164,4.791999816894531,5.059999942779541,1489053
2020-03-04 00:00:00+01:00,4.900000095367432,5.110000133514404,4.900000095367432,5.079999923706055,609610
2020-03-05 00:00:00+01:00,5.199999809265137,5.199999809265137,4.966000080108643,5.03000020980835,1045203
2020-03-06 00:00:00+01:00,4.98199987411499,5.005000114440918,4.71999979019165,4.866000175476074,1498868
2020-03-09 00:00:00+01:00,4.5,4.6539998054504395,4.263999938964844,4.269999980926514,1413151
2020-03-10 00:00:00+01:00,4.329999923706055,4.434000015258789,4.138000011444092,4.199999809265137,1108626
2020-03-11 00:00:00+01:00,4.210000038146973,4.283999919891357,3.7920000553131104,3.799999952316284,1124882
2020-03-12 00:00:00+01:00,3.6080000400543213,3.6080000400543213,2.98799991607666,2.98799991607666,1978551
2020-03-13 00:00:00+01:00,2.9100000858306885,3.4000000953674316,2.9100000858306885,3.2839999198913574,3865104
2020-03-16 00:00:00+01:00,3.200000047683716,3.200000047683716,3.0139999389648438,3.0999999046325684,1844135
2020-03-17 00:00:00+01:00,3.0999999046325684,3.75,3.0999999046325684,3.640000104904175,1719933
2020-03-18 00:00:00+01:00,3.549999952316284,3.700000047683716,3.3320000171661377,3.6579999923706055,1421640
2020-03-19 00:00:00+01:00,3.5999999046325684,3.9600000381469727,3.549999952316284,3.880000114440918,1166623
2020-03-20 00:00:00+01:00,3.9700000286102295,4.230000019073486,3.640000104904175,3.681999921798706,2965545
2020-03-23 00:00:00+01:00,3.681999921798706,3.681999921798706,3.315999984741211,3.319999933242798,883999
2020-03-24 00:00:00+01:00,3.549999952316284,3.559999942779541,3.3499999046325684,3.3499999046325684,890136
2020-03-25 00:00:00+01:00,3.5,3.5999999046325684,3.1519999504089355,3.2100000381469727,1040476
2020-03-26 00:00:00+01:00,3.2300000190734863,3.3499999046325684,3.1700000762939453,3.25,969409
2020-03-27 00:00:00+01:00,3.299999952316284,3.3399999141693115,3.25600004196167,3.2960000038146973,1415516
2020-03-30 00:00:00+02:00,3.3299999237060547,3.3299999237060547,3.1540000438690186,3.200000047683716,1057439
2020-03-31 00:00:00+02:00,3.25,3.388000011444092,3.2119998931884766,3.2219998836517334,1684875
2020-04-01 00:00:00+02:00,3.25,3.26200008392334,3.2039999961853027,3.25,959207
2020-04-02 00:00:00+02:00,3.2239999771118164,3.2799999713897705,3.1740000247955322,3.200000047683716,1620605
2020-04-03 00:00:00+02:00,3.25,3.25,3.1700000762939453,3.2100000381469727,1406712
2020-04-06 00:00:00+02:00,3.2200000286102295,3.4200000762939453,3.2200000286102295,3.3499999046325684,1458569
2020-04-07 00:00:00+02:00,3.450000047683716,3.759999990463257,3.437999963760376,3.630000114440918,2050869
2020-04-08 00:00:00+02:00,3.7300000190734863,3.7300000190734863,3.1600000858306885,3.191999912261963,5021098
2020-04-09 00:00:00+02:00,3.299999952316284,3.319999933242798,3.200000047683716,3.309999942779541,3323798
2020-04-10 00:00:00+02:00,3.309999942779541,3.309999942779541,3.309999942779541,3.309999942779541,0
2020-04-13 00:00:00+02:00,3.309999942779541,3.309999942779541,3.309999942779541,3.309999942779541,0
2020-04-14 00:00:00+02:00,3.4200000762939453,3.5,3.368000030517578,3.4760000705718994,2177683
2020-04-15 00:00:00+02:00,3.5399999618530273,3.5399999618530273,3.25600004196167,3.2799999713897705,2366080
2020-04-16 00:00:00+02:00,3.309999942779541,3.319999933242798,3.2039999961853027,3.2139999866485596,2238167
2020-04-17 00:00:00+02:00,3.299999952316284,3.299999952316284,3.171999931335449,3.180000066757202,2228103
2020-04-20 00:00:00+02:00,3.2100000381469727,3.2300000190734863,2.98799991607666,3.00600004196167,3179196
2020-04-21 00:00:00+02:00,3.0179998874664307,3.0299999713897705,2.799999952316284,2.8440001010894775,2644039
2020-04-22 00:00:00+02:00,2.9000000953674316,2.9140000343322754,2.7760000228881836,2.8519999980926514,2361529
2020-04-23 00:00:00+02:00,2.890000104904175,2.930000066757202,2.7679998874664307,2.7899999618530273,2595739
2020-04-24 00:00:00+02:00,2.7980000972747803,2.8420000076293945,2.7219998836517334,2.7219998836517334,2026643
2020-04-27 00:00:00+02:00,2.799999952316284,2.799999952316284,2.5199999809265137,2.5199999809265137,4037797
2020-04-28 00:00:00+02:00,2.549999952316284,2.7179999351501465,2.450000047683716,2.638000011444092,7649104
2020-04-29 00:00:00+02:00,2.700000047683716,2.861999988555908,2.569999933242798,2.799999952316284,3615567
2020-04-30 00:00:00+02:00,2.8499999046325684,2.927999973297119,2.7339999675750732,2.813999891281128,2666983
2020-05-01 00:00:00+02:00,2.813999891281128,2.813999891281128,2.813999891281128,2.813999891281128,0
2020-05-04 00:00:00+02:00,2.75,2.75,2.6500000953674316,2.6600000858306885,1846160
2020-05-05 00:00:00+02:00,2.700000047683716,2.747999906539917,2.552000045776367,2.558000087738037,1672493
2020-05-06 00:00:00+02:00,2.562000036239624,2.5980000495910645,2.4019999504089355,2.4079999923706055,3310682
2020-05-07 00:00:00+02:00,2.4700000286102295,2.4700000286102295,2.2799999713897705,2.2980000972747803,4900536
2020-05-08 00:00:00+02:00,2.3340001106262207,2.4100000858306885,2.2720000743865967,2.299999952316284,4502665
2020-05-11 00:00:00+02:00,2.319999933242798,2.4179999828338623,2.2699999809265137,2.368000030517578,3786608
2020-05-12 00:00:00+02:00,2.4000000953674316,2.5,2.315999984741211,2.4519999027252197,4328547
2020-05-13 00:00:00+02:00,2.430000066757202,2.619999885559082,2.380000114440918,2.5820000171661377,5676859
2020-05-14 00:00:00+02:00,2.559999942779541,2.7160000801086426,2.5399999618530273,2.614000082015991,5545798
2020-05-15 00:00:00+02:00,2.621999979019165,2.7200000286102295,2.619999885559082,2.690000057220459,3084760
2020-05-18 00:00:00+02:00,2.700000047683716,2.700000047683716,2.555999994277954,2.700000047683716,4255300
2020-05-19 00:00:00+02:00,2.75,2.7699999809265137,2.619999885559082,2.6480000019073486,3152730
2020-05-20 00:00:00+02:00,2.6600000858306885,2.6600000858306885,2.6019999980926514,2.624000072479248,2166366
2020-05-21 00:00:00+02:00,2.6480000019073486,2.6500000953674316,2.559999942779541,2.5940001010894775,2359040
2020-05-22 00:00:00+02:00,2.5980000495910645,2.5999999046325684,2.4800000190734863,2.50600004196167,3527119
2020-05-25 00:00:00+02:00,2.549999952316284,2.630000114440918,2.502000093460083,2.630000114440918,1506302
2020-05-26 00:00:00+02:00,2.640000104904175,2.8259999752044678,2.5980000495910645,2.799999952316284,4986287
2020-05-27 00:00:00+02:00,2.819999933242798,3.0880000591278076,2.819999933242798,2.9140000343322754,7369646
2020-05-28 00:00:00+02:00,2.950000047683716,3.058000087738037,2.6600000858306885,2.7179999351501465,10636356
2020-05-29 00:00:00+02:00,2.630000114440918,2.7039999961853027,2.4860000610351562,2.4860000610351562,66793073
2020-06-01 00:00:00+02:00,2.5739998817443848,2.6500000953674316,2.5239999294281006,2.563999891281128,7606096
2020-06-02 00:00:00+02:00,2.5999999046325684,2.7260000705718994,2.5899999141693115,2.638000011444092,5478498
2020-06-03 00:00:00+02:00,2.7100000381469727,2.880000114440918,2.681999921798706,2.868000030517578,7887311
2020-06-04 00:00:00+02:00,2.9000000953674316,3.0799999237060547,2.803999900817871,3.055999994277954,9018647
2020-06-05 00:00:00+02:00,3.140000104904175,3.361999988555908,3.0980000495910645,3.25,10336034
2020-06-08 00:00:00+02:00,3.319999933242798,3.440000057220459,3.2799999713897705,3.3299999237060547,9807985
2020-06-09 00:00:00+02:00,3.3499999046325684,3.4000000953674316,3.1500000953674316,3.180000066757202,8904296
2020-06-10 00:00:00+02:00,3.2100000381469727,3.315999984741211,3.140000104904175,3.240000009536743,6457763
2020-06-11 00:00:00+02:00,3.240000009536743,3.240000009536743,3.240000009536743,3.240000009536743,0
2020-06-12 00:00:00+02:00,3.009999990463257,3.177999973297119,2.940000057220459,3.1559998989105225,7121595
2020-06-15 00:00:00+02:00,3.0899999141693115,3.2100000381469727,3.059999942779541,3.1500000953674316,3621567
2020-06-16 00:00:00+02:00,3.25,3.3480000495910645,3.2300000190734863,3.3259999752044678,4464291
2020-06-17 00:00:00+02:00,3.359999895095825,3.4159998893737793,3.2320001125335693,3.259999990463257,3793159
2020-06-18 00:00:00+02:00,3.2939999103546143,3.378000020980835,3.259999990463257,3.3480000495910645,2583446
2020-06-19 00:00:00+02:00,3.3480000495910645,3.3499999046325684,3.259999990463257,3.309999942779541,2890127
2020-06-22 00:00:00+02:00,3.2699999809265137,3.3580000400543213,3.2119998931884766,3.313999891281128,2938855
2020-06-23 00:00:00+02:00,3.3499999046325684,3.4519999027252197,3.299999952316284,3.3519999980926514,3191603
2020-06-24 00:00:00+02:00,3.4000000953674316,3.4000000953674316,3.2300000190734863,3.2639999389648438,2835793
2020-06-25 00:00:00+02:00,3.309999942779541,3.309999942779541,3.1700000762939453,3.2200000286102295,2159683
2020-06-26 00:00:00+02:00,3.25,3.252000093460083,3.0859999656677246,3.0859999656677246,2458340
2020-06-29 00:00:00+02:00,3.0999999046325684,3.1600000858306885,3.0220000743865967,3.1500000953674316,1557997
2020-06-30 00:00:00+02:00,3.1619999408721924,3.191999912261963,3.002000093460083,3.0220000743865967,2834312
2020-07-01 00:00:00+02:00,3.0420000553131104,3.0959999561309814,3.003999948501587,3.049999952316284,1123376
2020-07-02 00:00:00+02:00,3.0799999237060547,3.1640000343322754,3.065999984741211,3.0999999046325684,1828095
2020-07-03 00:00:00+02:00,3.1600000858306885,3.1600000858306885,3.049999952316284,3.065999984741211,1061559
2020-07-06 00:00:00+02:00,3.0999999046325684,3.196000099182129,3.0999999046325684,3.1559998989105225,1950002
2020-07-07 00:00:00+02:00,3.1600000858306885,3.1600000858306885,3.0399999618530273,3.069999933242798,1909049
2020-07-08 00:00:00+02:00,3.0859999656677246,3.0940001010894775,3.00600004196167,3.0220000743865967,2346677
2020-07-09 00:00:00+02:00,3.0360000133514404,3.069999933242798,3.0,3.002000093460083,1013793
2020-07-10 00:00:00+02:00,3.0,3.055999994277954,2.9059998989105225,3.0220000743865967,1874235
2020-07-13 00:00:00+02:00,3.049999952316284,3.1700000762939453,3.049999952316284,3.1500000953674316,1958587
2020-07-14 00:00:00+02:00,3.1480000019073486,3.1700000762939453,3.052000045776367,3.0820000171661377,1252567
2020-07-15 00:00:00+02:00,3.1419999599456787,3.1500000953674316,3.053999900817871,3.119999885559082,997615
2020-07-16 00:00:00+02:00,3.0899999141693115,3.119999885559082,3.049999952316284,3.069999933242798,1691253
2020-07-17 00:00:00+02:00,3.069999933242798,3.069999933242798,2.9800000190734863,3.0360000133514404,2011592
2020-07-20 00:00:00+02:00,3.0199999809265137,3.0299999713897705,2.9200000762939453,2.9600000381469727,2540043
2020-07-21 00:00:00+02:00,2.9839999675750732,3.1459999084472656,2.9839999675750732,3.109999895095825,3429053
2020-07-22 00:00:00+02:00,3.109999895095825,3.140000104904175,3.0199999809265137,3.0239999294281006,1500916
2020-07-23 00:00:00+02:00,3.049999952316284,3.114000082015991,2.990000009536743,3.0999999046325684,2807431
2020-07-24 00:00:00+02:00,3.118000030517578,3.1480000019073486,3.0299999713897705,3.0840001106262207,2422707
2020-07-27 00:00:00+02:00,3.0980000495910645,3.1040000915527344,3.0280001163482666,3.049999952316284,1597366
2020-07-28 00:00:00+02:00,3.0299999713897705,3.119999885559082,3.0299999713897705,3.0899999141693115,1931405
2020-07-29 00:00:00+02:00,3.0999999046325684,3.118000030517578,2.9200000762939453,3.069999933242798,1933904
2020-07-30 00:00:00+02:00,3.049999952316284,3.068000078201294,2.819999933242798,2.950000047683716,6003816
2020-07-31 00:00:00+02:00,2.9000000953674316,3.0139999389648438,2.809999942779541,2.8399999141693115,3624695
2020-08-03 00:00:00+02:00,2.868000030517578,2.885999917984009,2.740000009536743,2.819999933242798,3246193
2020-08-04 00:00:00+02:00,2.8580000400543213,2.950000047683716,2.8499999046325684,2.890000104904175,2117620
2020-08-05 00:00:00+02:00,2.927999973297119,2.9700000286102295,2.9260001182556152,2.941999912261963,1931234
2020-08-06 00:00:00+02:00,2.9660000801086426,2.9660000801086426,2.881999969482422,2.930000066757202,1954472
2020-08-07 00:00:00+02:00,2.946000099182129,2.946000099182129,2.8299999237060547,2.9100000858306885,1267659
2020-08-10 00:00:00+02:00,2.9200000762939453,2.946000099182129,2.859999895095825,2.9100000858306885,721190
2020-08-11 00:00:00+02:00,2.931999921798706,3.078000068664551,2.930000066757202,3.065999984741211,2011973
2020-08-12 00:00:00+02:00,3.0759999752044678,3.140000104904175,3.0220000743865967,3.062000036239624,1503380
2020-08-13 00:00:00+02:00,3.069999933242798,3.119999885559082,3.049999952316284,3.0859999656677246,863253
2020-08-14 00:00:00+02:00,3.052000045776367,3.055999994277954,2.9800000190734863,3.0299999713897705,1016604
2020-08-17 00:00:00+02:00,3.0339999198913574,3.069999933242798,3.00600004196167,3.0299999713897705,663324
2020-08-18 00:00:00+02:00,3.0339999198913574,3.068000078201294,3.0,3.009999990463257,1468392
2020-08-19 00:00:00+02:00,3.0,3.0199999809265137,2.9800000190734863,3.00600004196167,655738
2020-08-20 00:00:00+02:00,3.0,3.0,2.921999931335449,2.9560000896453857,758908
2020-08-21 00:00:00+02:00,2.9619998931884766,2.990000009536743,2.9000000953674316,2.9200000762939453,926521
2020-08-24 00:00:00+02:00,2.9600000381469727,2.9700000286102295,2.9200000762939453,2.9700000286102295,596441
2020-08-25 00:00:00+02:00,2.990000009536743,3.0199999809265137,2.9679999351501465,3.002000093460083,1095808
2020-08-26 00:00:00+02:00,2.99399995803833,3.009999990463257,2.940000057220459,2.9820001125335693,553243
2020-08-27 00:00:00+02:00,2.9700000286102295,2.996000051498413,2.950000047683716,2.9700000286102295,700604
2020-08-28 00:00:00+02:00,2.9700000286102295,3.055999994277954,2.9639999866485596,3.0380001068115234,1423231
2020-08-31 00:00:00+02:00,3.059999942779541,3.059999942779541,2.9679999351501465,3.0239999294281006,1209788
2020-09-01 00:00:00+02:00,3.0299999713897705,3.0299999713897705,2.880000114440918,2.9100000858306885,1441118
2020-09-02 00:00:00+02:00,2.9079999923706055,2.9700000286102295,2.874000072479248,2.930000066757202,750735
2020-09-03 00:00:00+02:00,2.930000066757202,2.944000005722046,2.859999895095825,2.890000104904175,1404860
2020-09-04 00:00:00+02:00,2.8499999046325684,2.8959999084472656,2.8299999237060547,2.890000104904175,717414
2020-09-07 00:00:00+02:00,2.890000104904175,2.9000000953674316,2.859999895095825,2.8959999084472656,597992
2020-09-08 00:00:00+02:00,2.871999979019165,2.934000015258789,2.73799991607666,2.809999942779541,1714956
2020-09-09 00:00:00+02:00,2.7899999618530273,2.947999954223633,2.75600004196167,2.941999912261963,1013357
2020-09-10 00:00:00+02:00,2.940000057220459,2.992000102996826,2.8919999599456787,2.9700000286102295,1589444
2020-09-11 00:00:00+02:00,2.950000047683716,2.9579999446868896,2.9000000953674316,2.940000057220459,1561863
2020-09-14 00:00:00+02:00,2.941999912261963,2.9700000286102295,2.9200000762939453,2.9600000381469727,740225
2020-09-15 00:00:00+02:00,2.9539999961853027,3.0,2.9100000858306885,3.0,955614
2020-09-16 00:00:00+02:00,3.0,3.0,2.9019999504089355,2.930000066757202,515622
2020-09-17 00:00:00+02:00,2.9000000953674316,2.934000015258789,2.869999885559082,2.930000066757202,583030
2020-09-18 00:00:00+02:00,2.930000066757202,2.930000066757202,2.8299999237060547,2.8299999237060547,1687245
2020-09-21 00:00:00+02:00,2.8299999237060547,2.8399999141693115,2.7200000286102295,2.7980000972747803,941265
2020-09-22 00:00:00+02:00,2.7760000228881836,2.7939999103546143,2.7179999351501465,2.75,1148538
2020-09-23 00:00:00+02:00,2.752000093460083,2.7899999618530273,2.6600000858306885,2.7060000896453857,1580159
2020-09-24 00:00:00+02:00,2.640000104904175,2.6619999408721924,2.5880000591278076,2.6480000019073486,1347679
2020-09-25 00:00:00+02:00,2.6600000858306885,2.7179999351501465,2.6440000534057617,2.700000047683716,1050087
2020-09-28 00:00:00+02:00,2.7260000705718994,2.7899999618530273,2.7039999961853027,2.7799999713897705,746562
2020-09-29 00:00:00+02:00,2.799999952316284,2.799999952316284,2.7239999771118164,2.753999948501587,312046
2020-09-30 00:00:00+02:00,2.753999948501587,2.7660000324249268,2.7160000801086426,2.7639999389648438,331978
2020-10-01 00:00:00+02:00,2.7699999809265137,2.7720000743865967,2.696000099182129,2.73799991607666,556028
2020-10-02 00:00:00+02:00,2.7160000801086426,2.747999906539917,2.6540000438690186,2.694000005722046,568966
2020-10-05 00:00:00+02:00,2.7160000801086426,2.7899999618530273,2.7160000801086426,2.75,470883
2020-10-06 00:00:00+02:00,2.7860000133514404,2.930000066757202,2.7639999389648438,2.9200000762939453,1343267
2020-10-07 00:00:00+02:00,2.9260001182556152,2.9260001182556152,2.8299999237060547,2.890000104904175,670345
2020-10-08 00:00:00+02:00,2.9000000953674316,2.9100000858306885,2.7899999618530273,2.7920000553131104,896449
2020-10-09 00:00:00+02:00,2.7799999713897705,2.818000078201294,2.690000057220459,2.75,724328
2020-10-12 00:00:00+02:00,2.7320001125335693,2.7760000228881836,2.686000108718872,2.694000005722046,884097
2020-10-13 00:00:00+02:00,2.690000057220459,2.7179999351501465,2.5940001010894775,2.5999999046325684,1080148
2020-10-14 00:00:00+02:00,2.5999999046325684,2.635999917984009,2.559999942779541,2.5840001106262207,976444
2020-10-15 00:00:00+02:00,2.5840001106262207,2.5899999141693115,2.4579999446868896,2.497999906539917,1458472
2020-10-16 00:00:00+02:00,2.4719998836517334,2.5320000648498535,2.436000108718872,2.5160000324249268,1179270
2020-10-19 00:00:00+02:00,2.5280001163482666,2.5739998817443848,2.4140000343322754,2.450000047683716,1314962
2020-10-20 00:00:00+02:00,2.4600000381469727,2.50600004196167,2.381999969482422,2.4800000190734863,1028922
2020-10-21 00:00:00+02:00,2.4800000190734863,2.509999990463257,2.381999969482422,2.4000000953674316,1154457
2020-10-22 00:00:00+02:00,2.384000062942505,2.4140000343322754,2.3459999561309814,2.388000011444092,1375405
2020-10-23 00:00:00+02:00,2.4000000953674316,2.450000047683716,2.371999979019165,2.4119999408721924,1025125
2020-10-26 00:00:00+01:00,2.378000020980835,2.440000057220459,2.365999937057495,2.430000066757202,755139
2020-10-27 00:00:00+01:00,2.450000047683716,2.5360000133514404,2.4119999408721924,2.430000066757202,1254394
2020-10-28 00:00:00+01:00,2.4140000343322754,2.4179999828338623,2.186000108718872,2.2100000381469727,3034514
2020-10-29 00:00:00+01:00,2.240000009536743,2.240000009536743,2.0799999237060547,2.140000104904175,2306829
2020-10-30 00:00:00+01:00,2.0999999046325684,2.1600000858306885,2.0899999141693115,2.1600000858306885,1039568
2020-11-02 00:00:00+01:00,2.1600000858306885,2.2100000381469727,2.119999885559082,2.1500000953674316,1335459
2020-11-03 00:00:00+01:00,2.180000066757202,2.3559999465942383,2.1700000762939453,2.3399999141693115,1251025
2020-11-04 00:00:00+01:00,2.3499999046325684,2.4100000858306885,2.25,2.313999891281128,1404024
2020-11-05 00:00:00+01:00,2.359999895095825,2.440000057220459,2.3499999046325684,2.4100000858306885,1108226
2020-11-06 00:00:00+01:00,2.4100000858306885,2.444000005722046,2.322000026702881,2.369999885559082,892182
2020-11-09 00:00:00+01:00,2.4000000953674316,2.8359999656677246,2.319999933242798,2.799999952316284,4235906
2020-11-10 00:00:00+01:00,2.819999933242798,2.947999954223633,2.690000057220459,2.940000057220459,3514667
2020-11-11 00:00:00+01:00,2.940000057220459,2.940000057220459,2.940000057220459,2.940000057220459,0
2020-11-12 00:00:00+01:00,2.9019999504089355,2.9779999256134033,2.869999885559082,2.880000114440918,2028104
2020-11-13 00:00:00+01:00,2.868000030517578,2.9100000858306885,2.8299999237060547,2.8380000591278076,971717
2020-11-16 00:00:00+01:00,2.8299999237060547,2.9779999256134033,2.8299999237060547,2.921999931335449,1579822
2020-11-17 00:00:00+01:00,2.940000057220459,2.9600000381469727,2.8499999046325684,2.881999969482422,934890
2020-11-18 00:00:00+01:00,2.9079999923706055,2.937999963760376,2.880000114440918,2.9260001182556152,544204
2020-11-19 00:00:00+01:00,2.9179999828338623,2.9260001182556152,2.8340001106262207,2.8499999046325684,660511
2020-11-20 00:00:00+01:00,2.8499999046325684,2.8940000534057617,2.8320000171661377,2.8320000171661377,771281
2020-11-23 00:00:00+01:00,2.859999895095825,2.941999912261963,2.859999895095825,2.8959999084472656,1344897
2020-11-24 00:00:00+01:00,2.930000066757202,2.9600000381469727,2.859999895095825,2.9140000343322754,1436002
2020-11-25 00:00:00+01:00,2.940000057220459,2.947999954223633,2.864000082015991,2.9000000953674316,2260443
2020-11-26 00:00:00+01:00,2.9000000953674316,2.9159998893737793,2.8499999046325684,2.871999979019165,755757
2020-11-27 00:00:00+01:00,2.871999979019165,2.888000011444092,2.803999900817871,2.8399999141693115,810771
2020-11-30 00:00:00+01:00,2.8399999141693115,2.8399999141693115,2.7279999256134033,2.7980000972747803,1715557
2020-12-01 00:00:00+01:00,2.7799999713897705,2.8299999237060547,2.7679998874664307,2.7720000743865967,847483
2020-12-02 00:00:00+01:00,2.7739999294281006,2.815999984741211,2.7300000190734863,2.813999891281128,559400
2020-12-03 00:00:00+01:00,2.819999933242798,2.8959999084472656,2.7799999713897705,2.890000104904175,917125
2020-12-04 00:00:00+01:00,2.9000000953674316,3.0920000076293945,2.9000000953674316,3.0920000076293945,2855316
2020-12-07 00:00:00+01:00,3.0999999046325684,3.1419999599456787,3.0420000553131104,3.140000104904175,2243789
2020-12-08 00:00:00+01:00,3.130000114440918,3.140000104904175,3.062000036239624,3.119999885559082,1353988
2020-12-09 00:00:00+01:00,3.1500000953674316,3.390000104904175,3.140000104904175,3.378000020980835,5453752
2020-12-10 00:00:00+01:00,3.378000020980835,3.380000114440918,3.2119998931884766,3.2320001125335693,2349145
2020-12-11 00:00:00+01:00,3.259999990463257,3.3239998817443848,3.0999999046325684,3.2100000381469727,2248290
2020-12-14 00:00:00+01:00,3.240000009536743,3.240000009536743,3.119999885559082,3.1619999408721924,1059717
2020-12-15 00:00:00+01:00,3.1500000953674316,3.180000066757202,3.0799999237060547,3.1600000858306885,1374190
2020-12-16 00:00:00+01:00,3.1600000858306885,3.2799999713897705,3.1600000858306885,3.2679998874664307,2071906
2020-12-17 00:00:00+01:00,3.299999952316284,3.299999952316284,3.1500000953674316,3.177999973297119,1555336
2020-12-18 00:00:00+01:00,3.1500000953674316,3.25,3.121999979019165,3.2179999351501465,2723207
2020-12-21 00:00:00+01:00,3.1500000953674316,3.180000066757202,3.002000093460083,3.1500000953674316,2484767
2020-12-22 00:00:00+01:00,3.1500000953674316,3.2119998931884766,3.065999984741211,3.119999885559082,1757560
2020-12-23 00:00:00+01:00,3.1500000953674316,3.1760001182556152,3.109999895095825,3.1700000762939453,799364
2020-12-28 00:00:00+01:00,3.180000066757202,3.3380000591278076,3.1640000343322754,3.3380000591278076,2410311
2020-12-29 00:00:00+01:00,3.3399999141693115,3.440000057220459,3.3239998817443848,3.4140000343322754,2419617
2020-12-30 00:00:00+01:00,3.4119999408721924,3.4119999408721924,3.25,3.2699999809265137,1423662
2021-01-04 00:00:00+01:00,3.2699999809265137,3.4679999351501465,3.2360000610351562,3.4600000381469727,2697879
2021-01-05 00:00:00+01:00,3.4600000381469727,3.509999990463257,3.3499999046325684,3.3980000019073486,2163862
2021-01-07 00:00:00+01:00,3.437999963760376,3.5999999046325684,3.437999963760376,3.5799999237060547,2609980
2021-01-08 00:00:00+01:00,3.638000011444092,3.9779999256134033,3.619999885559082,3.9000000953674316,4155167
2021-01-11 00:00:00+01:00,3.9000000953674316,4.234000205993652,3.869999885559082,4.047999858856201,4356520
2021-01-12 00:00:00+01:00,4.039999961853027,4.184000015258789,3.7839999198913574,3.890000104904175,3327091
2021-01-13 00:00:00+01:00,3.990000009536743,3.990000009536743,3.75,3.890000104904175,1876961
2021-01-14 00:00:00+01:00,3.878000020980835,4.061999797821045,3.8320000171661377,4.050000190734863,2037360
2021-01-15 00:00:00+01:00,4.001999855041504,4.139999866485596,3.9119999408721924,3.940000057220459,4666099
2021-01-18 00:00:00+01:00,3.9200000762939453,4.090000152587891,3.8399999141693115,4.059999942779541,3981814
2021-01-19 00:00:00+01:00,4.079999923706055,4.271999835968018,4.079999923706055,4.245999813079834,6604207
2021-01-20 00:00:00+01:00,4.239999771118164,4.239999771118164,4.079999923706055,4.190000057220459,2581218
2021-01-21 00:00:00+01:00,4.173999786376953,4.2220001220703125,3.9079999923706055,3.940000057220459,3318829
2021-01-22 00:00:00+01:00,3.9079999923706055,3.997999906539917,3.9000000953674316,3.9600000381469727,920482
2021-01-25 00:00:00+01:00,3.9660000801086426,3.997999906539917,3.8299999237060547,3.9059998989105225,1820158
2021-01-26 00:00:00+01:00,3.8480000495910645,3.921999931335449,3.752000093460083,3.874000072479248,2300312
2021-01-27 00:00:00+01:00,3.874000072479248,3.878000020980835,3.619999885559082,3.625999927520752,2219876
2021-01-28 00:00:00+01:00,3.5999999046325684,3.809999942779541,3.4719998836517334,3.805999994277954,2491023
2021-01-29 00:00:00+01:00,3.799999952316284,3.937999963760376,3.7339999675750732,3.9200000762939453,3581242
2021-02-01 00:00:00+01:00,3.934000015258789,3.9800000190734863,3.9000000953674316,3.936000108718872,2083204
2021-02-02 00:00:00+01:00,3.930000066757202,3.950000047683716,3.7339999675750732,3.859999895095825,2547572
2021-02-03 00:00:00+01:00,3.878000020980835,3.937999963760376,3.8499999046325684,3.864000082015991,2826726
2021-02-04 00:00:00+01:00,3.880000114440918,3.880000114440918,3.802000045776367,3.8380000591278076,1492562
2021-02-05 00:00:00+01:00,3.880000114440918,3.931999921798706,3.7799999713897705,3.8580000400543213,1296310
2021-02-08 00:00:00+01:00,3.869999885559082,3.884000062942505,3.809999942779541,3.8299999237060547,701864
2021-02-09 00:00:00+01:00,3.819999933242798,3.864000082015991,3.753999948501587,3.8299999237060547,683168
2021-02-10 00:00:00+01:00,3.8299999237060547,3.8499999046325684,3.7720000743865967,3.819999933242798,1261044
2021-02-11 00:00:00+01:00,3.799999952316284,3.8499999046325684,3.752000093460083,3.802000045776367,1553550
2021-02-12 00:00:00+01:00,3.7980000972747803,3.818000078201294,3.7160000801086426,3.7300000190734863,740102
2021-02-15 00:00:00+01:00,3.7360000610351562,3.930000066757202,3.7360000610351562,3.9040000438690186,1532874
2021-02-16 00:00:00+01:00,3.9119999408721924,4.466000080108643,3.9119999408721924,4.421999931335449,8996674
2021-02-17 00:00:00+01:00,4.3979997634887695,4.553999900817871,4.234000205993652,4.480000019073486,11611719
2021-02-18 00:00:00+01:00,4.421999931335449,4.52400016784668,4.360000133514404,4.461999893188477,4566865
2021-02-19 00:00:00+01:00,4.452000141143799,4.452000141143799,4.329999923706055,4.340000152587891,2683197
2021-02-22 00:00:00+01:00,4.340000152587891,4.340000152587891,4.202000141143799,4.28000020980835,1064107
2021-02-23 00:00:00+01:00,4.24399995803833,4.276000022888184,4.039999961853027,4.084000110626221,2119505
2021-02-24 00:00:00+01:00,4.130000114440918,4.171999931335449,4.046000003814697,4.090000152587891,1723520
2021-02-25 00:00:00+01:00,4.165999889373779,4.265999794006348,4.145999908447266,4.216000080108643,1782851
2021-02-26 00:00:00+01:00,4.159999847412109,4.214000225067139,4.059999942779541,4.127999782562256,1853291
2021-03-01 00:00:00+01:00,4.190000057220459,4.248000144958496,4.119999885559082,4.199999809265137,2443919
2021-03-02 00:00:00+01:00,4.21999979019165,4.296000003814697,4.130000114440918,4.150000095367432,1608543
2021-03-03 00:00:00+01:00,4.184000015258789,4.242000102996826,4.111999988555908,4.150000095367432,1624479
2021-03-04 00:00:00+01:00,4.150000095367432,4.199999809265137,4.026000022888184,4.105999946594238,1534302
2021-03-05 00:00:00+01:00,4.079999923706055,4.119999885559082,4.03000020980835,4.047999858856201,1649729
2021-03-08 00:00:00+01:00,4.050000190734863,4.159999847412109,4.050000190734863,4.118000030517578,1783024
2021-03-09 00:00:00+01:00,4.072000026702881,4.188000202178955,4.070000171661377,4.119999885559082,2511784
2021-03-10 00:00:00+01:00,4.145999908447266,4.179999828338623,4.090000152587891,4.119999885559082,1532430
2021-03-11 00:00:00+01:00,4.111999988555908,4.159999847412109,3.9619998931884766,4.0,1587340
2021-03-12 00:00:00+01:00,3.997999906539917,4.02400016784668,3.940000057220459,4.019999980926514,1255478
2021-03-15 00:00:00+01:00,4.0,4.0279998779296875,3.941999912261963,3.9560000896453857,1617799
2021-03-16 00:00:00+01:00,3.950000047683716,3.9700000286102295,3.8499999046325684,3.881999969482422,1184188
2021-03-17 00:00:00+01:00,3.8499999046325684,3.864000082015991,3.6540000438690186,3.690000057220459,2851071
2021-03-18 00:00:00+01:00,3.690000057220459,3.8299999237060547,3.687999963760376,3.7899999618530273,1320484
2021-03-19 00:00:00+01:00,3.757999897003174,3.7939999103546143,3.700000047683716,3.759999990463257,1287312
2021-03-22 00:00:00+01:00,3.7660000324249268,3.8499999046325684,3.7260000705718994,3.805999994277954,624445
2021-03-23 00:00:00+01:00,3.815999984741211,4.019999980926514,3.7260000705718994,3.992000102996826,1540736
2021-03-24 00:00:00+01:00,3.9700000286102295,3.9700000286102295,3.759999990463257,3.7699999809265137,1419081
2021-03-25 00:00:00+01:00,3.799999952316284,3.799999952316284,3.631999969482422,3.7100000381469727,2539584
2021-03-26 00:00:00+01:00,3.7219998836517334,3.8399999141693115,3.7019999027252197,3.8399999141693115,1476029
2021-03-29 00:00:00+02:00,3.8299999237060547,3.9079999923706055,3.802000045776367,3.884000062942505,692873
2021-03-30 00:00:00+02:00,3.8980000019073486,3.946000099182129,3.808000087738037,3.888000011444092,558387
2021-03-31 00:00:00+02:00,3.8420000076293945,3.869999885559082,3.759999990463257,3.7839999198913574,708634
2021-04-01 00:00:00+02:00,3.7799999713897705,3.8459999561309814,3.700000047683716,3.799999952316284,817860
2021-04-06 00:00:00+02:00,3.75,4.01800012588501,3.7300000190734863,3.9700000286102295,1522045
2021-04-07 00:00:00+02:00,3.9600000381469727,3.9600000381469727,3.869999885559082,3.9100000858306885,482251
2021-04-08 00:00:00+02:00,3.9000000953674316,3.940000057220459,3.8499999046325684,3.9159998893737793,429427
2021-04-09 00:00:00+02:00,3.921999931335449,4.058000087738037,3.880000114440918,3.9000000953674316,1852140
2021-04-12 00:00:00+02:00,3.9040000438690186,3.9760000705718994,3.880000114440918,3.936000108718872,668923
2021-04-13 00:00:00+02:00,3.940000057220459,3.996000051498413,3.880000114440918,3.9000000953674316,696432
2021-04-14 00:00:00+02:00,3.930000066757202,3.9700000286102295,3.8499999046325684,3.9179999828338623,1183128
2021-04-15 00:00:00+02:00,3.861999988555908,3.885999917984009,3.759999990463257,3.799999952316284,1287297
2021-04-16 00:00:00+02:00,3.799999952316284,3.8299999237060547,3.7300000190734863,3.799999952316284,1713640
2021-04-19 00:00:00+02:00,3.7899999618530273,3.888000011444092,3.7899999618530273,3.8459999561309814,2151684
2021-04-20 00:00:00+02:00,3.818000078201294,3.8580000400543213,3.7679998874664307,3.809999942779541,695482
2021-04-21 00:00:00+02:00,3.809999942779541,3.809999942779541,3.7119998931884766,3.747999906539917,1028069
2021-04-22 00:00:00+02:00,3.7139999866485596,3.809999942779541,3.7139999866485596,3.76200008392334,593641
2021-04-23 00:00:00+02:00,3.759999990463257,3.802000045776367,3.7320001125335693,3.7720000743865967,360112
2021-04-26 00:00:00+02:00,3.7699999809265137,3.8480000495910645,3.747999906539917,3.8299999237060547,767501
2021-04-27 00:00:00+02:00,3.8299999237060547,3.8940000534057617,3.808000087738037,3.868000030517578,1074731
2021-04-28 00:00:00+02:00,3.859999895095825,4.026000022888184,3.859999895095825,3.9800000190734863,1573325
2021-04-29 00:00:00+02:00,3.9800000190734863,4.197999954223633,3.808000087738037,4.142000198364258,5799243
2021-04-30 00:00:00+02:00,4.1479997634887695,4.150000095367432,4.125999927520752,4.139999866485596,1693913
2021-05-04 00:00:00+02:00,4.139999866485596,4.139999866485596,4.019999980926514,4.019999980926514,1395741
2021-05-05 00:00:00+02:00,4.046000003814697,4.136000156402588,4.019999980926514,4.044000148773193,1698336
2021-05-06 00:00:00+02:00,4.070000171661377,4.139999866485596,4.064000129699707,4.064000129699707,1415919
2021-05-07 00:00:00+02:00,4.070000171661377,4.300000190734863,4.070000171661377,4.251999855041504,2874552
2021-05-10 00:00:00+02:00,4.251999855041504,4.590000152587891,4.251999855041504,4.5,4496490
2021-05-11 00:00:00+02:00,4.495999813079834,4.498000144958496,4.329999923706055,4.440000057220459,2114734
2021-05-12 00:00:00+02:00,4.480000019073486,4.757999897003174,4.447999954223633,4.690000057220459,3358508
2021-05-13 00:00:00+02:00,4.676000118255615,4.676000118255615,4.420000076293945,4.460000038146973,1966021
2021-05-14 00:00:00+02:00,4.519999980926514,4.5879998207092285,4.460000038146973,4.5,2162023
2021-05-17 00:00:00+02:00,4.638000011444092,4.639999866485596,4.453999996185303,4.5,890208
2021-05-18 00:00:00+02:00,4.519999980926514,4.599999904632568,4.519999980926514,4.559999942779541,867953
2021-05-19 00:00:00+02:00,4.539999961853027,4.550000190734863,4.388000011444092,4.400000095367432,1766740
2021-05-20 00:00:00+02:00,4.400000095367432,4.5879998207092285,4.354000091552734,4.5879998207092285,1169652
2021-05-21 00:00:00+02:00,4.619999885559082,4.77400016784668,4.590000152587891,4.665999889373779,1512296
2021-05-24 00:00:00+02:00,4.679999828338623,4.697999954223633,4.519999980926514,4.607999801635742,1350921
2021-05-25 00:00:00+02:00,4.604000091552734,4.659999847412109,4.561999797821045,4.619999885559082,1250791
2021-05-26 00:00:00+02:00,4.619999885559082,4.670000076293945,4.579999923706055,4.633999824523926,2007735
2021-05-27 00:00:00+02:00,4.679999828338623,4.920000076293945,4.639999866485596,4.900000095367432,2242172
2021-05-28 00:00:00+02:00,4.880000114440918,5.130000114440918,4.880000114440918,5.039999961853027,1817709
2021-05-31 00:00:00+02:00,5.090000152587891,5.090000152587891,4.9019999504089355,4.989999771118164,1151125
2021-06-01 00:00:00+02:00,4.940000057220459,5.125,4.940000057220459,5.050000190734863,938978
2021-06-02 00:00:00+02:00,5.099999904632568,5.199999809265137,5.005000114440918,5.059999942779541,1083262
2021-06-04 00:00:00+02:00,5.059999942779541,5.170000076293945,5.039999961853027,5.150000095367432,342320
2021-06-07 00:00:00+02:00,5.150000095367432,5.190000057220459,5.019999980926514,5.03000020980835,848558
2021-06-08 00:00:00+02:00,5.0,5.045000076293945,4.829999923706055,4.872000217437744,1670795
2021-06-09 00:00:00+02:00,4.900000095367432,5.09499979019165,4.900000095367432,5.019999980926514,948418
2021-06-10 00:00:00+02:00,5.050000190734863,5.050000190734863,4.941999912261963,4.955999851226807,707395
2021-06-11 00:00:00+02:00,4.955999851226807,5.014999866485596,4.835999965667725,4.855999946594238,1190175
2021-06-14 00:00:00+02:00,4.8520002365112305,5.099999904632568,4.849999904632568,5.050000190734863,915824
2021-06-15 00:00:00+02:00,5.099999904632568,5.099999904632568,4.9039998054504395,4.947999954223633,759492
2021-06-16 00:00:00+02:00,4.980000019073486,4.980000019073486,4.75600004196167,4.800000190734863,1629405
2021-06-17 00:00:00+02:00,4.803999900817871,4.868000030517578,4.71999979019165,4.75,761974
2021-06-18 00:00:00+02:00,4.794000148773193,4.894000053405762,4.75,4.849999904632568,2592698
2021-06-21 00:00:00+02:00,4.849999904632568,4.980000019073486,4.75,4.96999979019165,575569
2021-06-22 00:00:00+02:00,4.949999809265137,5.034999847412109,4.949999809265137,5.019999980926514,1007917
2021-06-23 00:00:00+02:00,5.0,5.090000152587891,4.98199987411499,5.054999828338623,612280
2021-06-24 00:00:00+02:00,5.085000038146973,5.289999961853027,5.050000190734863,5.210000038146973,1695931
2021-06-25 00:00:00+02:00,5.25,5.349999904632568,5.099999904632568,5.110000133514404,680429
2021-06-28 00:00:00+02:00,5.139999866485596,5.199999809265137,5.085000038146973,5.175000190734863,659062
2021-06-29 00:00:00+02:00,5.144999980926514,5.150000095367432,4.973999977111816,4.980000019073486,1789668
2021-06-30 00:00:00+02:00,4.980000019073486,5.010000228881836,4.519999980926514,4.659999847412109,3333733
2021-07-01 00:00:00+02:00,4.671999931335449,4.769999980926514,4.607999801635742,4.742000102996826,4224336
2021-07-02 00:00:00+02:00,4.769999980926514,4.831999778747559,4.71999979019165,4.794000148773193,1171896
2021-07-05 00:00:00+02:00,4.788000106811523,4.814000129699707,4.622000217437744,4.78000020980835,641145
2021-07-06 00:00:00+02:00,4.75,4.811999797821045,4.650000095367432,4.665999889373779,762659
2021-07-07 00:00:00+02:00,4.650000095367432,4.802000045776367,4.650000095367432,4.75600004196167,708311
2021-07-08 00:00:00+02:00,4.676000118255615,4.74399995803833,4.639999866485596,4.711999893188477,1044128
2021-07-09 00:00:00+02:00,4.748000144958496,4.771999835968018,4.696000099182129,4.771999835968018,494509
2021-07-12 00:00:00+02:00,4.75,4.754000186920166,4.550000190734863,4.593999862670898,1322170
2021-07-13 00:00:00+02:00,4.627999782562256,4.699999809265137,4.521999835968018,4.546000003814697,809159
2021-07-14 00:00:00+02:00,4.570000171661377,4.73799991607666,4.570000171661377,4.639999866485596,812122
2021-07-15 00:00:00+02:00,4.642000198364258,4.670000076293945,4.567999839782715,4.578000068664551,696866
2021-07-16 00:00:00+02:00,4.567999839782715,4.625999927520752,4.5279998779296875,4.541999816894531,380876
2021-07-19 00:00:00+02:00,4.567999839782715,4.567999839782715,4.291999816894531,4.320000171661377,937014
2021-07-20 00:00:00+02:00,4.320000171661377,4.409999847412109,4.203999996185303,4.283999919891357,1881098
2021-07-21 00:00:00+02:00,4.28000020980835,4.677999973297119,4.239999771118164,4.650000095367432,3020535
2021-07-22 00:00:00+02:00,4.650000095367432,4.730000019073486,4.599999904632568,4.639999866485596,912134
2021-07-23 00:00:00+02:00,4.6020002365112305,4.699999809265137,4.590000152587891,4.679999828338623,473564
2021-07-26 00:00:00+02:00,4.760000228881836,4.794000148773193,4.659999847412109,4.75,838818
2021-07-27 00:00:00+02:00,4.75,4.835999965667725,4.627999782562256,4.714000225067139,3046498
2021-07-28 00:00:00+02:00,4.714000225067139,4.809999942779541,4.714000225067139,4.803999900817871,592105
2021-07-29 00:00:00+02:00,4.803999900817871,4.868000030517578,4.769999980926514,4.808000087738037,1574717
2021-07-30 00:00:00+02:00,4.739999771118164,4.934000015258789,4.739999771118164,4.929999828338623,2199724
2021-08-02 00:00:00+02:00,4.932000160217285,5.070000171661377,4.929999828338623,5.019999980926514,2063004
2021-08-03 00:00:00+02:00,5.050000190734863,5.190000057220459,5.019999980926514,5.099999904632568,1802123
2021-08-04 00:00:00+02:00,5.09499979019165,5.175000190734863,5.010000228881836,5.050000190734863,876274
2021-08-05 00:00:00+02:00,5.0,5.070000171661377,4.920000076293945,5.070000171661377,979726
2021-08-06 00:00:00+02:00,5.090000152587891,5.210000038146973,5.050000190734863,5.204999923706055,2269070
2021-08-09 00:00:00+02:00,5.21999979019165,5.275000095367432,5.144999980926514,5.144999980926514,869373
2021-08-10 00:00:00+02:00,5.170000076293945,5.349999904632568,5.099999904632568,5.320000171661377,2427751
2021-08-11 00:00:00+02:00,5.304999828338623,5.599999904632568,5.304999828338623,5.5,2345461
2021-08-12 00:00:00+02:00,5.505000114440918,5.565000057220459,5.46999979019165,5.539999961853027,1223867
2021-08-13 00:00:00+02:00,5.534999847412109,5.769999980926514,5.505000114440918,5.75,1736167
2021-08-16 00:00:00+02:00,5.75,5.909999847412109,5.684999942779541,5.835000038146973,1465225
2021-08-17 00:00:00+02:00,5.820000171661377,5.875,5.605000019073486,5.800000190734863,4032389
2021-08-18 00:00:00+02:00,5.800000190734863,5.829999923706055,5.724999904632568,5.829999923706055,1702117
2021-08-19 00:00:00+02:00,5.744999885559082,5.75,5.534999847412109,5.659999847412109,723617
2021-08-20 00:00:00+02:00,5.599999904632568,5.699999809265137,5.599999904632568,5.644999980926514,474770
2021-08-23 00:00:00+02:00,5.644999980926514,5.869999885559082,5.644999980926514,5.824999809265137,701903
2021-08-24 00:00:00+02:00,5.875,5.920000076293945,5.829999923706055,5.900000095367432,517889
2021-08-25 00:00:00+02:00,5.900000095367432,6.119999885559082,5.835000038146973,6.119999885559082,1282684
2021-08-26 00:00:00+02:00,6.119999885559082,6.454999923706055,6.119999885559082,6.400000095367432,2577347
2021-08-27 00:00:00+02:00,6.355000019073486,6.639999866485596,6.300000190734863,6.545000076293945,1106876
2021-08-30 00:00:00+02:00,6.539999961853027,6.630000114440918,6.239999771118164,6.394999980926514,1525696
2021-08-31 00:00:00+02:00,6.409999847412109,6.724999904632568,6.340000152587891,6.599999904632568,1574649
2021-09-01 00:00:00+02:00,6.699999809265137,6.755000114440918,6.5,6.585000038146973,823015
2021-09-02 00:00:00+02:00,6.599999904632568,6.894999980926514,6.53000020980835,6.849999904632568,1424514
2021-09-03 00:00:00+02:00,6.864999771118164,6.889999866485596,6.639999866485596,6.724999904632568,1168730
2021-09-06 00:00:00+02:00,6.764999866485596,6.840000152587891,6.675000190734863,6.71999979019165,743234
2021-09-07 00:00:00+02:00,6.744999885559082,6.840000152587891,6.659999847412109,6.760000228881836,839035
2021-09-08 00:00:00+02:00,6.789999961853027,6.800000190734863,6.579999923706055,6.614999771118164,973620
2021-09-09 00:00:00+02:00,6.590000152587891,6.815000057220459,6.324999809265137,6.784999847412109,1628916
2021-09-10 00:00:00+02:00,6.800000190734863,6.800000190734863,6.599999904632568,6.630000114440918,1119488
2021-09-13 00:00:00+02:00,6.605000019073486,6.695000171661377,6.599999904632568,6.670000076293945,551241
2021-09-14 00:00:00+02:00,6.605000019073486,6.800000190734863,6.605000019073486,6.739999771118164,1552294
2021-09-15 00:00:00+02:00,6.704999923706055,6.704999923706055,6.599999904632568,6.699999809265137,656268
2021-09-16 00:00:00+02:00,6.695000171661377,6.75,6.550000190734863,6.559999942779541,283735
2021-09-17 00:00:00+02:00,6.514999866485596,6.849999904632568,6.5,6.579999923706055,1884421
2021-09-20 00:00:00+02:00,6.599999904632568,6.599999904632568,6.0,6.150000095367432,1341166
2021-09-21 00:00:00+02:00,6.114999771118164,6.46999979019165,6.114999771118164,6.335000038146973,744411
2021-09-22 00:00:00+02:00,6.5,6.619999885559082,6.364999771118164,6.619999885559082,778840
2021-09-23 00:00:00+02:00,6.650000095367432,6.769999980926514,6.605000019073486,6.614999771118164,699769
2021-09-24 00:00:00+02:00,6.679999828338623,6.730000019073486,6.550000190734863,6.699999809265137,518095
2021-09-27 00:00:00+02:00,6.675000190734863,6.769999980926514,6.485000133514404,6.75,652668
2021-09-28 00:00:00+02:00,6.730000019073486,6.764999866485596,6.525000095367432,6.599999904632568,512430
2021-09-29 00:00:00+02:00,6.550000190734863,6.835000038146973,6.550000190734863,6.829999923706055,850125
2021-09-30 00:00:00+02:00,6.804999828338623,6.934999942779541,6.699999809265137,6.739999771118164,531620
2021-10-01 00:00:00+02:00,6.775000095367432,7.195000171661377,6.659999847412109,7.170000076293945,1385125
2021-10-04 00:00:00+02:00,7.179999828338623,7.650000095367432,7.150000095367432,7.385000228881836,1978070
2021-10-05 00:00:00+02:00,7.380000114440918,7.590000152587891,7.355000019073486,7.53000020980835,1859498
2021-10-06 00:00:00+02:00,7.53000020980835,8.0600004196167,7.53000020980835,8.050000190734863,3369776
2021-10-07 00:00:00+02:00,8.0,8.074999809265137,7.735000133514404,8.024999618530273,1016453
2021-10-08 00:00:00+02:00,7.804999828338623,8.100000381469727,7.755000114440918,7.949999809265137,1489131
2021-10-11 00:00:00+02:00,7.949999809265137,8.045000076293945,7.849999904632568,7.860000133514404,604381
2021-10-12 00:00:00+02:00,7.835000038146973,8.15999984741211,7.764999866485596,8.109999656677246,1208566
2021-10-13 00:00:00+02:00,8.100000381469727,8.279999732971191,8.0,8.100000381469727,854735
2021-10-14 00:00:00+02:00,8.050000190734863,8.354999542236328,8.050000190734863,8.295000076293945,1047018
2021-10-15 00:00:00+02:00,8.289999961853027,8.380000114440918,8.164999961853027,8.300000190734863,615749
2021-10-18 00:00:00+02:00,8.220000267028809,8.579999923706055,8.220000267028809,8.555000305175781,922579
2021-10-19 00:00:00+02:00,8.5600004196167,8.6899995803833,8.399999618530273,8.5,1329029
2021-10-20 00:00:00+02:00,8.505000114440918,8.699999809265137,8.5,8.545000076293945,970373
2021-10-21 00:00:00+02:00,8.579999923706055,8.779999732971191,8.364999771118164,8.364999771118164,1225337
2021-10-22 00:00:00+02:00,8.4350004196167,8.729999542236328,8.385000228881836,8.6850004196167,597129
2021-10-25 00:00:00+02:00,8.600000381469727,8.75,8.510000228881836,8.539999961853027,467599
2021-10-26 00:00:00+02:00,8.420000076293945,8.930000305175781,8.289999961853027,8.819999694824219,1239669
2021-10-27 00:00:00+02:00,8.864999771118164,9.015000343322754,8.625,8.645000457763672,1214986
2021-10-28 00:00:00+02:00,8.635000228881836,8.739999771118164,8.4350004196167,8.65999984741211,572407
2021-10-29 00:00:00+02:00,8.65999984741211,9.279999732971191,8.604999542236328,9.149999618530273,1588078
2021-11-02 00:00:00+01:00,9.199999809265137,9.6899995803833,9.199999809265137,9.444999694824219,2599700
2021-11-03 00:00:00+01:00,9.470000267028809,9.699999809265137,8.729999542236328,8.734999656677246,2494614
2021-11-04 00:00:00+01:00,8.895000457763672,9.305000305175781,8.895000457763672,9.149999618530273,1468412
2021-11-05 00:00:00+01:00,9.199999809265137,9.40999984741211,9.109999656677246,9.289999961853027,805803
2021-11-08 00:00:00+01:00,9.390000343322754,9.390000343322754,9.0,9.0,489471
2021-11-09 00:00:00+01:00,9.0,9.079999923706055,8.734999656677246,8.800000190734863,654709
2021-11-10 00:00:00+01:00,8.800000190734863,8.899999618530273,8.329999923706055,8.494999885559082,1481001
2021-11-12 00:00:00+01:00,8.489999771118164,8.760000228881836,8.0600004196167,8.635000228881836,2262170
2021-11-15 00:00:00+01:00,8.595000267028809,8.765000343322754,8.359999656677246,8.404999732971191,971303
2021-11-16 00:00:00+01:00,8.40999984741211,8.545000076293945,8.345000267028809,8.390000343322754,835423
2021-11-17 00:00:00+01:00,8.380000114440918,8.380000114440918,7.900000095367432,8.100000381469727,841356
2021-11-18 00:00:00+01:00,8.09000015258789,8.145000457763672,7.710000038146973,7.925000190734863,2127687
2021-11-19 00:00:00+01:00,7.900000095367432,8.079999923706055,7.53000020980835,7.795000076293945,1147329
2021-11-22 00:00:00+01:00,7.800000190734863,7.994999885559082,7.554999828338623,7.989999771118164,518885
2021-11-23 00:00:00+01:00,7.980000019073486,8.0649995803833,7.659999847412109,8.0,804205
2021-11-24 00:00:00+01:00,8.100000381469727,8.149999618530273,8.010000228881836,8.0600004196167,383575
2021-11-25 00:00:00+01:00,7.900000095367432,8.039999961853027,7.590000152587891,7.914999961853027,479953
2021-11-26 00:00:00+01:00,7.599999904632568,7.795000076293945,7.414999961853027,7.650000095367432,1414904
2021-11-29 00:00:00+01:00,7.630000114440918,7.949999809265137,7.199999809265137,7.949999809265137,1253446
2021-11-30 00:00:00+01:00,7.860000133514404,8.380000114440918,7.775000095367432,8.239999771118164,1782036
2021-12-01 00:00:00+01:00,8.319999694824219,8.59000015258789,8.045000076293945,8.289999961853027,1009660
2021-12-02 00:00:00+01:00,8.270000457763672,8.90999984741211,8.210000038146973,8.755000114440918,1696057
2021-12-03 00:00:00+01:00,8.75,8.829999923706055,8.335000038146973,8.5,1554169
2021-12-06 00:00:00+01:00,8.520000457763672,8.680000305175781,8.449999809265137,8.680000305175781,591757
2021-12-07 00:00:00+01:00,8.675000190734863,8.675000190734863,8.359999656677246,8.4350004196167,2093994
2021-12-08 00:00:00+01:00,8.430000305175781,8.5600004196167,8.354999542236328,8.399999618530273,901239
2021-12-09 00:00:00+01:00,8.305000305175781,8.395000457763672,7.929999828338623,8.039999961853027,1764987
2021-12-10 00:00:00+01:00,8.0,8.100000381469727,7.880000114440918,8.029999732971191,653675
2021-12-13 00:00:00+01:00,8.0,8.220000267028809,8.0,8.125,1165415
2021-12-14 00:00:00+01:00,8.039999961853027,8.109999656677246,7.864999771118164,7.96999979019165,763144
2021-12-15 00:00:00+01:00,7.929999828338623,7.929999828338623,7.465000152587891,7.585000038146973,1851191
2021-12-16 00:00:00+01:00,7.635000228881836,7.960000038146973,7.635000228881836,7.900000095367432,1004665
2021-12-17 00:00:00+01:00,7.880000114440918,7.90500020980835,7.400000095367432,7.559999942779541,2967822
2021-12-20 00:00:00+01:00,7.494999885559082,7.619999885559082,7.309999942779541,7.590000152587891,637244
2021-12-21 00:00:00+01:00,7.605000019073486,7.769999980926514,7.605000019073486,7.695000171661377,860203
2021-12-22 00:00:00+01:00,7.789999961853027,7.789999961853027,7.650000095367432,7.784999847412109,318256
2021-12-23 00:00:00+01:00,7.784999847412109,7.960000038146973,7.724999904632568,7.880000114440918,1077065
2021-12-27 00:00:00+01:00,7.880000114440918,7.994999885559082,7.820000171661377,7.989999771118164,676076
2021-12-28 00:00:00+01:00,7.989999771118164,8.40999984741211,7.96999979019165,8.270000457763672,824903
2021-12-29 00:00:00+01:00,8.1850004196167,8.539999961853027,8.170000076293945,8.225000381469727,781354
2021-12-30 00:00:00+01:00,8.300000190734863,8.375,8.0649995803833,8.194999694824219,429133
2022-01-03 00:00:00+01:00,8.21500015258789,8.6899995803833,8.21500015258789,8.569999694824219,923047
2022-01-04 00:00:00+01:00,8.619999885559082,8.729999542236328,8.515000343322754,8.5649995803833,812621
2022-01-05 00:00:00+01:00,8.630000114440918,8.630000114440918,8.470000267028809,8.550000190734863,282460
2022-01-07 00:00:00+01:00,8.53499984741211,8.760000228881836,8.505000114440918,8.664999961853027,692071
2022-01-10 00:00:00+01:00,8.664999961853027,8.899999618530273,8.635000228881836,8.819999694824219,1066844
2022-01-11 00:00:00+01:00,8.899999618530273,8.899999618530273,8.460000038146973,8.550000190734863,1364713
2022-01-12 00:00:00+01:00,8.555000305175781,9.055000305175781,8.555000305175781,9.029999732971191,2078443
2022-01-13 00:00:00+01:00,9.079999923706055,9.119999885559082,8.869999885559082,9.0,1639360
2022-01-14 00:00:00+01:00,9.0,9.100000381469727,8.885000228881836,9.079999923706055,1704697
2022-01-17 00:00:00+01:00,9.069999694824219,9.100000381469727,8.890000343322754,9.050000190734863,712847
2022-01-18 00:00:00+01:00,8.880000114440918,9.055000305175781,8.819999694824219,8.984999656677246,1275717
2022-01-19 00:00:00+01:00,8.899999618530273,9.039999961853027,8.755000114440918,8.779999732971191,1303052
2022-01-20 00:00:00+01:00,8.805000305175781,9.0,8.720000267028809,8.984999656677246,755416
2022-01-21 00:00:00+01:00,8.824999809265137,8.845000267028809,8.279999732971191,8.380000114440918,2530671
2022-01-24 00:00:00+01:00,8.380000114440918,8.640000343322754,7.690000057220459,7.809999942779541,1808522
2022-01-25 00:00:00+01:00,7.914999961853027,8.074999809265137,7.769999980926514,7.980000019073486,1239916
2022-01-26 00:00:00+01:00,7.960000038146973,8.380000114440918,7.960000038146973,8.300000190734863,264947
2022-01-27 00:00:00+01:00,8.279999732971191,8.5649995803833,8.104999542236328,8.5,418613
2022-01-28 00:00:00+01:00,8.585000038146973,8.585000038146973,8.109999656677246,8.25,727937
2022-01-31 00:00:00+01:00,8.505000114440918,8.505000114440918,8.029999732971191,8.220000267028809,859339
2022-02-01 00:00:00+01:00,8.300000190734863,8.75,8.300000190734863,8.600000381469727,1623750
2022-02-02 00:00:00+01:00,8.600000381469727,8.789999961853027,8.5600004196167,8.664999961853027,438337
2022-02-03 00:00:00+01:00,8.744999885559082,8.930000305175781,8.619999885559082,8.824999809265137,720557
2022-02-04 00:00:00+01:00,8.819999694824219,8.960000038146973,8.520000457763672,8.819999694824219,1953429
2022-02-07 00:00:00+01:00,8.800000190734863,9.045000076293945,8.729999542236328,9.0,2076853
2022-02-08 00:00:00+01:00,8.9350004196167,9.40999984741211,8.930000305175781,9.300000190734863,2815995
2022-02-09 00:00:00+01:00,9.289999961853027,9.414999961853027,9.119999885559082,9.305000305175781,2539984
2022-02-10 00:00:00+01:00,9.220000267028809,9.350000381469727,8.890000343322754,8.890000343322754,631739
2022-02-11 00:00:00+01:00,8.774999618530273,8.9399995803833,8.5600004196167,8.84000015258789,1030472
2022-02-14 00:00:00+01:00,8.420000076293945,8.854999542236328,8.399999618530273,8.550000190734863,1700125
2022-02-15 00:00:00+01:00,8.510000228881836,9.095000267028809,8.510000228881836,9.0,1172377
2022-02-16 00:00:00+01:00,9.0,9.15999984741211,8.845000267028809,8.880000114440918,468005
2022-02-17 00:00:00+01:00,8.854999542236328,8.880000114440918,8.520000457763672,8.539999961853027,639689
2022-02-18 00:00:00+01:00,8.600000381469727,8.744999885559082,8.479999542236328,8.529999732971191,558782
2022-02-21 00:00:00+01:00,8.529999732971191,8.704999923706055,8.0600004196167,8.324999809265137,934821
2022-02-22 00:00:00+01:00,8.050000190734863,8.694999694824219,7.829999923706055,8.625,1407700
2022-02-23 00:00:00+01:00,8.875,8.875,8.164999961853027,8.1850004196167,1332047
2022-02-24 00:00:00+01:00,7.510000228881836,7.53000020980835,6.510000228881836,6.590000152587891,4023795
2022-02-25 00:00:00+01:00,7.005000114440918,7.5,6.900000095367432,7.329999923706055,2454490
2022-02-28 00:00:00+01:00,7.144999980926514,7.380000114440918,6.90500020980835,7.005000114440918,2774586
2022-03-01 00:00:00+01:00,7.070000171661377,7.324999809265137,6.369999885559082,6.485000133514404,2076236
2022-03-02 00:00:00+01:00,6.565000057220459,6.585000038146973,6.099999904632568,6.150000095367432,3086998
2022-03-03 00:00:00+01:00,6.260000228881836,6.349999904632568,6.010000228881836,6.130000114440918,3029535
2022-03-04 00:00:00+01:00,6.03000020980835,6.039999961853027,5.429999828338623,5.5,3129957
2022-03-07 00:00:00+01:00,5.25,5.574999809265137,5.0,5.21999979019165,3984752
2022-03-08 00:00:00+01:00,5.199999809265137,5.909999847412109,5.119999885559082,5.605000019073486,2492074
2022-03-09 00:00:00+01:00,5.800000190734863,6.349999904632568,5.699999809265137,6.329999923706055,3403476
2022-03-10 00:00:00+01:00,6.590000152587891,6.590000152587891,6.03000020980835,6.090000152587891,2538979
2022-03-11 00:00:00+01:00,6.159999847412109,6.349999904632568,6.03000020980835,6.059999942779541,2553406
2022-03-14 00:00:00+01:00,6.099999904632568,6.150000095367432,5.829999923706055,5.965000152587891,3018255
2022-03-15 00:00:00+01:00,6.039999961853027,6.170000076293945,5.849999904632568,6.114999771118164,1130307
2022-03-16 00:00:00+01:00,6.210000038146973,6.474999904632568,6.210000038146973,6.360000133514404,2656001
2022-03-17 00:00:00+01:00,6.454999923706055,6.730000019073486,6.400000095367432,6.559999942779541,4073656
2022-03-18 00:00:00+01:00,6.699999809265137,6.699999809265137,6.21999979019165,6.300000190734863,3553736
2022-03-21 00:00:00+01:00,6.269999980926514,6.460000038146973,6.119999885559082,6.159999847412109,2074859
2022-03-22 00:00:00+01:00,6.199999809265137,6.425000190734863,6.110000133514404,6.425000190734863,1962440
2022-03-23 00:00:00+01:00,6.400000095367432,6.53000020980835,6.159999847412109,6.25,1214303
2022-03-24 00:00:00+01:00,6.300000190734863,6.309999942779541,6.119999885559082,6.175000190734863,1053620
2022-03-25 00:00:00+01:00,6.199999809265137,6.260000228881836,6.050000190734863,6.239999771118164,1475894
2022-03-28 00:00:00+02:00,6.25,6.349999904632568,6.159999847412109,6.159999847412109,1118558
2022-03-29 00:00:00+02:00,6.25,6.789999961853027,6.135000228881836,6.639999866485596,3949601
2022-03-30 00:00:00+02:00,6.550000190734863,6.744999885559082,6.485000133514404,6.739999771118164,1453309
2022-03-31 00:00:00+02:00,6.739999771118164,6.849999904632568,6.625,6.625,1524159
2022-04-01 00:00:00+02:00,6.684999942779541,6.84499979019165,6.639999866485596,6.800000190734863,907555
2022-04-04 00:00:00+02:00,6.889999866485596,6.949999809265137,6.795000076293945,6.855000019073486,1285501
2022-04-05 00:00:00+02:00,6.815000057220459,6.960000038146973,6.579999923706055,6.619999885559082,1199324
2022-04-06 00:00:00+02:00,6.699999809265137,6.755000114440918,6.34499979019165,6.429999828338623,2334320
2022-04-07 00:00:00+02:00,6.445000171661377,6.659999847412109,6.445000171661377,6.599999904632568,758207
2022-04-08 00:00:00+02:00,6.619999885559082,6.650000095367432,6.309999942779541,6.329999923706055,929467
2022-04-11 00:00:00+02:00,6.300000190734863,6.429999828338623,6.195000171661377,6.329999923706055,1138927
2022-04-12 00:00:00+02:00,6.329999923706055,6.414999961853027,6.210000038146973,6.295000076293945,1124431
2022-04-13 00:00:00+02:00,6.295000076293945,6.385000228881836,6.215000152587891,6.239999771118164,531124
2022-04-14 00:00:00+02:00,6.199999809265137,6.28000020980835,6.164999961853027,6.164999961853027,460289
2022-04-19 00:00:00+02:00,6.170000076293945,6.235000133514404,6.059999942779541,6.210000038146973,608819
2022-04-20 00:00:00+02:00,6.150000095367432,6.315000057220459,6.150000095367432,6.199999809265137,1301848
2022-04-21 00:00:00+02:00,6.190000057220459,6.34499979019165,6.150000095367432,6.150000095367432,956517
2022-04-22 00:00:00+02:00,6.139999866485596,6.199999809265137,6.070000171661377,6.090000152587891,1459840
2022-04-25 00:00:00+02:00,6.074999809265137,6.074999809265137,5.545000076293945,5.570000171661377,3084109
2022-04-26 00:00:00+02:00,5.650000095367432,5.784999847412109,5.28000020980835,5.349999904632568,1634645
2022-04-27 00:00:00+02:00,5.300000190734863,5.300000190734863,4.920000076293945,5.019999980926514,1699629
2022-04-28 00:00:00+02:00,5.099999904632568,5.329999923706055,5.085000038146973,5.255000114440918,1195459
2022-04-29 00:00:00+02:00,5.309999942779541,5.485000133514404,5.03000020980835,5.034999847412109,2976068
2022-05-02 00:00:00+02:00,5.079999923706055,5.085000038146973,4.900000095367432,5.010000228881836,695075
2022-05-04 00:00:00+02:00,5.03000020980835,5.050000190734863,4.860000133514404,4.989999771118164,1177052
2022-05-05 00:00:00+02:00,5.099999904632568,5.150000095367432,4.703999996185303,4.800000190734863,3477435
2022-05-06 00:00:00+02:00,4.679999828338623,4.691999912261963,4.504000186920166,4.607999801635742,3499393
2022-05-09 00:00:00+02:00,4.570000171661377,4.659999847412109,4.461999893188477,4.507999897003174,1103804
2022-05-10 00:00:00+02:00,4.559999942779541,4.714000225067139,4.427999973297119,4.599999904632568,1707815
2022-05-11 00:00:00+02:00,4.670000076293945,4.670000076293945,4.449999809265137,4.5,1201883
2022-05-12 00:00:00+02:00,4.449999809265137,4.484000205993652,4.302000045776367,4.380000114440918,2641011
2022-05-13 00:00:00+02:00,4.489999771118164,4.607999801635742,4.449999809265137,4.510000228881836,2054765
2022-05-16 00:00:00+02:00,4.579999923706055,4.840000152587891,4.519999980926514,4.728000164031982,1723906
2022-05-17 00:00:00+02:00,4.800000190734863,4.843999862670898,4.679999828338623,4.688000202178955,2817144
2022-05-18 00:00:00+02:00,4.739999771118164,5.0,4.736000061035156,4.76200008392334,2866272
2022-05-19 00:00:00+02:00,4.650000095367432,4.789999961853027,4.53000020980835,4.53000020980835,1954921
2022-05-20 00:00:00+02:00,4.645999908447266,4.690000057220459,4.49399995803833,4.495999813079834,1656147
2022-05-23 00:00:00+02:00,4.599999904632568,4.699999809265137,4.581999778747559,4.679999828338623,1008405
2022-05-24 00:00:00+02:00,4.650000095367432,4.688000202178955,4.53000020980835,4.550000190734863,1510371
2022-05-25 00:00:00+02:00,4.599999904632568,4.630000114440918,4.5,4.619999885559082,1150247
2022-05-26 00:00:00+02:00,4.619999885559082,4.771999835968018,4.5920000076293945,4.769999980926514,1041696
2022-05-27 00:00:00+02:00,4.78000020980835,4.78000020980835,4.604000091552734,4.74399995803833,1107595
2022-05-30 00:00:00+02:00,4.800000190734863,4.926000118255615,4.760000228881836,4.920000076293945,625398
2022-05-31 00:00:00+02:00,4.940000057220459,4.940000057220459,4.794000148773193,4.8979997634887695,457852
2022-06-01 00:00:00+02:00,4.900000095367432,4.949999809265137,4.76800012588501,4.831999778747559,772300
2022-06-02 00:00:00+02:00,4.889999866485596,4.889999866485596,4.760000228881836,4.769999980926514,641425
2022-06-03 00:00:00+02:00,4.811999797821045,4.811999797821045,4.613999843597412,4.613999843597412,1150619
2022-06-06 00:00:00+02:00,4.610000133514404,4.829999923706055,4.610000133514404,4.796000003814697,572189
2022-06-07 00:00:00+02:00,4.75,4.760000228881836,4.659999847412109,4.760000228881836,444850
2022-06-08 00:00:00+02:00,4.769999980926514,4.769999980926514,4.521999835968018,4.619999885559082,674840
2022-06-09 00:00:00+02:00,4.579999923706055,4.627999782562256,4.418000221252441,4.486000061035156,1133617
2022-06-10 00:00:00+02:00,4.46999979019165,4.46999979019165,4.251999855041504,4.300000190734863,1256723
2022-06-13 00:00:00+02:00,4.25,4.25,4.0,4.046000003814697,2022128
2022-06-14 00:00:00+02:00,4.099999904632568,4.179999828338623,3.9800000190734863,4.01200008392334,1187542
2022-06-15 00:00:00+02:00,4.059999942779541,4.072000026702881,3.9660000801086426,4.072000026702881,1145723
2022-06-17 00:00:00+02:00,3.997999906539917,4.210000038146973,3.9619998931884766,4.067999839782715,2096594
2022-06-20 00:00:00+02:00,4.199999809265137,4.199999809265137,4.0920000076293945,4.159999847412109,498664
2022-06-21 00:00:00+02:00,4.199999809265137,4.245999813079834,4.104000091552734,4.150000095367432,482819
2022-06-22 00:00:00+02:00,4.090000152587891,4.159999847412109,4.00600004196167,4.119999885559082,1199486
2022-06-23 00:00:00+02:00,4.139999866485596,4.144000053405762,3.9600000381469727,4.0,741350
2022-06-24 00:00:00+02:00,4.053999900817871,4.130000114440918,3.9660000801086426,4.061999797821045,1384234
2022-06-27 00:00:00+02:00,4.099999904632568,4.138000011444092,4.001999855041504,4.065999984741211,495897
2022-06-28 00:00:00+02:00,4.070000171661377,4.130000114440918,4.021999835968018,4.050000190734863,950289
2022-06-29 00:00:00+02:00,4.0,4.0279998779296875,3.934000015258789,4.010000228881836,1682503
2022-06-30 00:00:00+02:00,4.010000228881836,4.010000228881836,3.8320000171661377,3.885999917984009,1767770
2022-07-01 00:00:00+02:00,3.8499999046325684,4.035999774932861,3.8420000076293945,3.864000082015991,642123
2022-07-04 00:00:00+02:00,3.865999937057495,3.9119999408721924,3.638000011444092,3.7160000801086426,2190619
2022-07-05 00:00:00+02:00,3.7219998836517334,3.799999952316284,3.509999990463257,3.6579999923706055,1419715
2022-07-06 00:00:00+02:00,3.680000066757202,3.759999990463257,3.572000026702881,3.7179999351501465,1665442
2022-07-07 00:00:00+02:00,3.740000009536743,3.9519999027252197,3.740000009536743,3.9000000953674316,1464084
2022-07-08 00:00:00+02:00,3.946000099182129,3.9760000705718994,3.819999933242798,3.9200000762939453,1430115
2022-07-11 00:00:00+02:00,3.799999952316284,3.9000000953674316,3.7200000286102295,3.880000114440918,681291
2022-07-12 00:00:00+02:00,3.819999933242798,3.8440001010894775,3.5999999046325684,3.634000062942505,1835654
2022-07-13 00:00:00+02:00,3.6600000858306885,3.700000047683716,3.5199999809265137,3.5260000228881836,1688933
2022-07-14 00:00:00+02:00,3.5280001163482666,3.5859999656677246,3.359999895095825,3.4119999408721924,2292670
2022-07-15 00:00:00+02:00,3.436000108718872,3.4839999675750732,3.2320001125335693,3.25,2064189
2022-07-18 00:00:00+02:00,3.299999952316284,3.5299999713897705,3.2939999103546143,3.4719998836517334,1561442
2022-07-19 00:00:00+02:00,3.5,3.5239999294281006,3.4119999408721924,3.5239999294281006,1082583
2022-07-20 00:00:00+02:00,3.5820000171661377,3.700000047683716,3.490000009536743,3.6059999465942383,1918592
2022-07-21 00:00:00+02:00,3.5999999046325684,3.628000020980835,3.51200008392334,3.5899999141693115,774576
2022-07-22 00:00:00+02:00,3.5859999656677246,3.6600000858306885,3.5339999198913574,3.6059999465942383,710597
2022-07-25 00:00:00+02:00,3.609999895095825,3.700000047683716,3.5999999046325684,3.630000114440918,1087262
2022-07-26 00:00:00+02:00,3.680000066757202,3.681999921798706,3.3480000495910645,3.4000000953674316,1323394
2022-07-27 00:00:00+02:00,3.450000047683716,3.450000047683716,3.369999885559082,3.430000066757202,1453072
2022-07-28 00:00:00+02:00,3.450000047683716,3.569999933242798,3.444000005722046,3.5199999809265137,795117
2022-07-29 00:00:00+02:00,3.5739998817443848,3.696000099182129,3.549999952316284,3.690000057220459,1131286
2022-08-01 00:00:00+02:00,3.7200000286102295,3.874000072479248,3.681999921798706,3.690000057220459,800739
2022-08-02 00:00:00+02:00,3.677999973297119,3.691999912261963,3.490000009536743,3.621999979019165,972663
2022-08-03 00:00:00+02:00,3.634000062942505,3.7160000801086426,3.568000078201294,3.7160000801086426,940575
2022-08-04 00:00:00+02:00,3.7160000801086426,3.7799999713897705,3.6500000953674316,3.7260000705718994,672397
2022-08-05 00:00:00+02:00,3.740000009536743,3.7699999809265137,3.6540000438690186,3.700000047683716,1265199
2022-08-08 00:00:00+02:00,3.696000099182129,3.9140000343322754,3.680000066757202,3.890000104904175,1015469
2022-08-09 00:00:00+02:00,3.8919999599456787,4.050000190734863,3.8540000915527344,3.9519999027252197,1182707
2022-08-10 00:00:00+02:00,3.997999906539917,3.997999906539917,3.809999942779541,3.885999917984009,1087529
2022-08-11 00:00:00+02:00,3.940000057220459,4.038000106811523,3.9000000953674316,3.950000047683716,959169
2022-08-12 00:00:00+02:00,3.997999906539917,4.159999847412109,3.950000047683716,4.050000190734863,655213
2022-08-16 00:00:00+02:00,4.099999904632568,4.24399995803833,4.078000068664551,4.199999809265137,1059081
2022-08-17 00:00:00+02:00,4.199999809265137,4.199999809265137,3.8959999084472656,3.946000099182129,1914070
2022-08-18 00:00:00+02:00,3.9119999408721924,4.0879998207092285,3.9100000858306885,4.0320000648498535,641763
2022-08-19 00:00:00+02:00,4.03000020980835,4.03000020980835,3.9059998989105225,3.9240000247955322,760702
2022-08-22 00:00:00+02:00,3.9040000438690186,3.9200000762939453,3.7119998931884766,3.7699999809265137,1899095
2022-08-23 00:00:00+02:00,3.740000009536743,3.859999895095825,3.7100000381469727,3.809999942779541,923018
2022-08-24 00:00:00+02:00,3.8499999046325684,3.8499999046325684,3.700000047683716,3.7339999675750732,589811
2022-08-25 00:00:00+02:00,3.7699999809265137,3.878000020980835,3.7699999809265137,3.8459999561309814,456477
2022-08-26 00:00:00+02:00,3.8459999561309814,3.8519999980926514,3.680000066757202,3.7179999351501465,961702
2022-08-29 00:00:00+02:00,3.6500000953674316,3.7039999961853027,3.565999984741211,3.5999999046325684,956114
2022-08-30 00:00:00+02:00,3.609999895095825,3.7139999866485596,3.5920000076293945,3.6019999980926514,1483267
2022-08-31 00:00:00+02:00,3.5820000171661377,3.818000078201294,3.5820000171661377,3.7839999198913574,942460
2022-09-01 00:00:00+02:00,3.7239999771118164,3.757999897003174,3.6040000915527344,3.625999927520752,720138
2022-09-02 00:00:00+02:00,3.6419999599456787,3.7939999103546143,3.6419999599456787,3.7939999103546143,2064275
2022-09-05 00:00:00+02:00,3.680000066757202,3.874000072479248,3.6019999980926514,3.819999933242798,848033
2022-09-06 00:00:00+02:00,3.7899999618530273,3.8480000495910645,3.609999895095825,3.690000057220459,2226075
2022-09-07 00:00:00+02:00,3.6500000953674316,3.7639999389648438,3.5940001010894775,3.75,1181282
2022-09-08 00:00:00+02:00,3.7899999618530273,3.885999917984009,3.7679998874664307,3.819999933242798,1976657
2022-09-09 00:00:00+02:00,3.9000000953674316,4.039999961853027,3.880000114440918,4.019999980926514,2355859
2022-09-12 00:00:00+02:00,4.050000190734863,4.170000076293945,4.0,4.099999904632568,1693124
2022-09-13 00:00:00+02:00,4.159999847412109,4.23199987411499,4.03000020980835,4.079999923706055,1430894
2022-09-14 00:00:00+02:00,4.099999904632568,4.131999969482422,4.050000190734863,4.113999843597412,1167278
2022-09-15 00:00:00+02:00,4.164000034332275,4.239999771118164,4.053999900817871,4.079999923706055,1100642
2022-09-16 00:00:00+02:00,4.070000171661377,4.070000171661377,3.8519999980926514,3.864000082015991,1748375
2022-09-19 00:00:00+02:00,3.950000047683716,4.001999855041504,3.8559999465942383,3.9200000762939453,395888
2022-09-20 00:00:00+02:00,3.9600000381469727,3.990000009536743,3.802000045776367,3.8499999046325684,587283
2022-09-21 00:00:00+02:00,3.799999952316284,3.8440001010894775,3.6500000953674316,3.812000036239624,1141419
2022-09-22 00:00:00+02:00,3.7200000286102295,3.9700000286102295,3.7200000286102295,3.9700000286102295,1134577
2022-09-23 00:00:00+02:00,3.9600000381469727,3.9660000801086426,3.7279999256134033,3.7880001068115234,1291946
2022-09-26 00:00:00+02:00,3.759999990463257,3.76200008392334,3.4700000286102295,3.5199999809265137,1353883
2022-09-27 00:00:00+02:00,3.5999999046325684,3.700000047683716,3.444000005722046,3.48799991607666,1633832
2022-09-28 00:00:00+02:00,3.4700000286102295,3.4700000286102295,3.299999952316284,3.3940000534057617,1766786
2022-09-29 00:00:00+02:00,3.444000005722046,3.4639999866485596,3.299999952316284,3.299999952316284,1844704
2022-09-30 00:00:00+02:00,3.309999942779541,3.4000000953674316,3.2839999198913574,3.3320000171661377,1251075
2022-10-03 00:00:00+02:00,3.3399999141693115,3.361999988555908,3.180000066757202,3.2799999713897705,929936
2022-10-04 00:00:00+02:00,3.368000030517578,3.4779999256134033,3.3239998817443848,3.4779999256134033,1107688
2022-10-05 00:00:00+02:00,3.5199999809265137,3.5199999809265137,3.319999933242798,3.3399999141693115,867066
2022-10-06 00:00:00+02:00,3.369999885559082,3.4200000762939453,3.319999933242798,3.328000068664551,519761
2022-10-07 00:00:00+02:00,3.309999942779541,3.4000000953674316,3.2960000038146973,3.3499999046325684,641890
2022-10-10 00:00:00+02:00,3.299999952316284,3.319999933242798,3.2200000286102295,3.313999891281128,823358
2022-10-11 00:00:00+02:00,3.2960000038146973,3.328000068664551,3.1619999408721924,3.305999994277954,1724161
2022-10-12 00:00:00+02:00,3.319999933242798,3.319999933242798,3.2060000896453857,3.25,901125
2022-10-13 00:00:00+02:00,3.200000047683716,3.3259999752044678,3.1519999504089355,3.3259999752044678,1492830
2022-10-14 00:00:00+02:00,3.421999931335449,3.4860000610351562,3.3959999084472656,3.4079999923706055,791821
2022-10-17 00:00:00+02:00,3.4000000953674316,3.4800000190734863,3.369999885559082,3.4800000190734863,326152
2022-10-18 00:00:00+02:00,3.5199999809265137,3.6440000534057617,3.51200008392334,3.5980000495910645,677742
2022-10-19 00:00:00+02:00,3.5799999237060547,3.5799999237060547,3.4179999828338623,3.446000099182129,529079
2022-10-20 00:00:00+02:00,3.4059998989105225,3.578000068664551,3.369999885559082,3.5739998817443848,929835
2022-10-21 00:00:00+02:00,3.5399999618530273,3.680000066757202,3.4639999866485596,3.5460000038146973,1450064
2022-10-24 00:00:00+02:00,3.640000104904175,3.7699999809265137,3.4800000190734863,3.753999948501587,1485802
2022-10-25 00:00:00+02:00,3.757999897003174,3.9779999256134033,3.7119998931884766,3.950000047683716,1664235
2022-10-26 00:00:00+02:00,3.9800000190734863,4.125999927520752,3.950000047683716,4.079999923706055,1481615
2022-10-27 00:00:00+02:00,4.090000152587891,4.223999977111816,3.9760000705718994,4.199999809265137,1383220
2022-10-28 00:00:00+02:00,4.191999912261963,4.355999946594238,4.053999900817871,4.300000190734863,1103715
2022-10-31 00:00:00+01:00,4.300000190734863,4.435999870300293,4.25,4.360000133514404,683255
2022-11-02 00:00:00+01:00,4.369999885559082,4.429999828338623,4.26200008392334,4.322000026702881,1283136
2022-11-03 00:00:00+01:00,4.28000020980835,4.28000020980835,4.110000133514404,4.236000061035156,1936455
2022-11-04 00:00:00+01:00,4.202000141143799,4.449999809265137,4.202000141143799,4.432000160217285,1793354
2022-11-07 00:00:00+01:00,4.480000019073486,4.639999866485596,4.426000118255615,4.53000020980835,983706
2022-11-08 00:00:00+01:00,4.590000152587891,4.677999973297119,4.510000228881836,4.659999847412109,724175
2022-11-09 00:00:00+01:00,4.679999828338623,4.949999809265137,4.622000217437744,4.918000221252441,1131265
2022-11-10 00:00:00+01:00,4.900000095367432,5.090000152587891,4.760000228881836,5.03000020980835,2147671
2022-11-14 00:00:00+01:00,5.054999828338623,5.235000133514404,5.025000095367432,5.105000019073486,1675590
2022-11-15 00:00:00+01:00,5.150000095367432,5.159999847412109,4.868000030517578,4.949999809265137,1959657
2022-11-16 00:00:00+01:00,4.849999904632568,4.9679999351501465,4.7220001220703125,4.900000095367432,1896843
2022-11-17 00:00:00+01:00,4.880000114440918,4.927999973297119,4.699999809265137,4.820000171661377,1042640
2022-11-18 00:00:00+01:00,4.800000190734863,4.915999889373779,4.73199987411499,4.861999988555908,664222
2022-11-21 00:00:00+01:00,4.800000190734863,4.857999801635742,4.564000129699707,4.624000072479248,1559899
2022-11-22 00:00:00+01:00,4.590000152587891,4.679999828338623,4.579999923706055,4.627999782562256,584335
2022-11-23 00:00:00+01:00,4.677999973297119,4.736000061035156,4.599999904632568,4.668000221252441,817227
2022-11-24 00:00:00+01:00,4.676000118255615,4.757999897003174,4.630000114440918,4.699999809265137,369859
2022-11-25 00:00:00+01:00,4.760000228881836,4.7779998779296875,4.671999931335449,4.75,540059
2022-11-28 00:00:00+01:00,4.730000019073486,4.739999771118164,4.639999866485596,4.711999893188477,659418
2022-11-29 00:00:00+01:00,4.690000057220459,4.714000225067139,4.599999904632568,4.644000053405762,537273
2022-11-30 00:00:00+01:00,4.650000095367432,4.760000228881836,4.590000152587891,4.639999866485596,1698079
2022-12-01 00:00:00+01:00,4.75,4.757999897003174,4.6519999504089355,4.699999809265137,746004
2022-12-02 00:00:00+01:00,4.699999809265137,4.699999809265137,4.552000045776367,4.573999881744385,1020455
2022-12-05 00:00:00+01:00,4.584000110626221,4.76800012588501,4.584000110626221,4.710000038146973,565299
2022-12-06 00:00:00+01:00,4.6519999504089355,4.6519999504089355,4.539999961853027,4.579999923706055,1011377
2022-12-07 00:00:00+01:00,4.570000171661377,4.638000011444092,4.53000020980835,4.585999965667725,384455
2022-12-08 00:00:00+01:00,4.559999942779541,4.559999942779541,4.420000076293945,4.486000061035156,595438
2022-12-09 00:00:00+01:00,4.480000019073486,4.507999897003174,4.349999904632568,4.440000057220459,530475
2022-12-12 00:00:00+01:00,4.400000095367432,4.453999996185303,4.340000152587891,4.440000057220459,389729
2022-12-13 00:00:00+01:00,4.46999979019165,4.616000175476074,4.452000141143799,4.546000003814697,605203
2022-12-14 00:00:00+01:00,4.619999885559082,4.708000183105469,4.573999881744385,4.636000156402588,747784
2022-12-15 00:00:00+01:00,4.599999904632568,4.638000011444092,4.521999835968018,4.559999942779541,1834561
2022-12-16 00:00:00+01:00,4.550000190734863,4.665999889373779,4.519999980926514,4.6620001792907715,1514576
2022-12-19 00:00:00+01:00,4.688000202178955,4.71999979019165,4.507999897003174,4.552000045776367,613678
2022-12-20 00:00:00+01:00,4.547999858856201,4.593999862670898,4.504000186920166,4.570000171661377,1011784
2022-12-21 00:00:00+01:00,4.570000171661377,4.697999954223633,4.564000129699707,4.697999954223633,463428
2022-12-22 00:00:00+01:00,4.691999912261963,4.760000228881836,4.644000053405762,4.696000099182129,420953
2022-12-23 00:00:00+01:00,4.75,4.75,4.613999843597412,4.642000198364258,221601
2022-12-27 00:00:00+01:00,4.693999767303467,4.699999809265137,4.489999771118164,4.519999980926514,467957
2022-12-28 00:00:00+01:00,4.51800012588501,4.5879998207092285,4.47599983215332,4.559999942779541,426680
2022-12-29 00:00:00+01:00,4.519999980926514,4.670000076293945,4.510000228881836,4.622000217437744,274998
2022-12-30 00:00:00+01:00,4.619999885559082,4.642000198364258,4.565999984741211,4.579999923706055,203736
2023-01-02 00:00:00+01:00,4.670000076293945,4.730000019073486,4.599999904632568,4.730000019073486,289248
2023-01-03 00:00:00+01:00,4.763999938964844,5.150000095367432,4.75,5.070000171661377,1863868
2023-01-04 00:00:00+01:00,5.099999904632568,5.599999904632568,5.0,5.59499979019165,3301336
2023-01-05 00:00:00+01:00,5.59499979019165,5.840000152587891,5.409999847412109,5.639999866485596,2387271
2023-01-09 00:00:00+01:00,5.659999847412109,5.769999980926514,5.525000095367432,5.585000038146973,1584886
2023-01-10 00:00:00+01:00,5.590000152587891,5.699999809265137,5.514999866485596,5.670000076293945,918136
2023-01-11 00:00:00+01:00,5.71999979019165,5.769999980926514,5.304999828338623,5.309999942779541,2019528
2023-01-12 00:00:00+01:00,5.309999942779541,5.590000152587891,5.28000020980835,5.519999980926514,1493303
2023-01-13 00:00:00+01:00,5.579999923706055,5.579999923706055,5.409999847412109,5.5,494481
2023-01-16 00:00:00+01:00,5.485000133514404,5.545000076293945,5.385000228881836,5.449999809265137,280831
2023-01-17 00:00:00+01:00,5.485000133514404,5.489999771118164,5.21999979019165,5.230000019073486,1288481
2023-01-18 00:00:00+01:00,5.230000019073486,5.309999942779541,5.130000114440918,5.15500020980835,1324751
2023-01-19 00:00:00+01:00,5.139999866485596,5.260000228881836,5.105000019073486,5.230000019073486,1039299
2023-01-20 00:00:00+01:00,5.25,5.369999885559082,5.195000171661377,5.264999866485596,665540
2023-01-23 00:00:00+01:00,5.269999980926514,5.300000190734863,5.139999866485596,5.139999866485596,1224771
2023-01-24 00:00:00+01:00,5.159999847412109,5.21999979019165,5.059999942779541,5.09499979019165,949688
2023-01-25 00:00:00+01:00,5.03000020980835,5.03000020980835,4.659999847412109,4.751999855041504,4642639
2023-01-26 00:00:00+01:00,4.800000190734863,4.857999801635742,4.711999893188477,4.820000171661377,1264214
2023-01-27 00:00:00+01:00,4.820000171661377,4.860000133514404,4.76200008392334,4.785999774932861,668765
2023-01-30 00:00:00+01:00,4.757999897003174,4.757999897003174,4.5920000076293945,4.593999862670898,1431127
2023-01-31 00:00:00+01:00,4.699999809265137,5.150000095367432,4.670000076293945,5.139999866485596,3987868
2023-02-01 00:00:00+01:00,5.150000095367432,5.215000152587891,5.0,5.050000190734863,1362820
2023-02-02 00:00:00+01:00,5.170000076293945,5.175000190734863,4.96999979019165,5.050000190734863,1235636
2023-02-03 00:00:00+01:00,5.070000171661377,5.119999885559082,5.0,5.079999923706055,476781
2023-02-06 00:00:00+01:00,5.019999980926514,5.054999828338623,4.9019999504089355,4.941999912261963,1084361
2023-02-07 00:00:00+01:00,4.943999767303467,5.045000076293945,4.8979997634887695,4.914000034332275,902775
2023-02-08 00:00:00+01:00,4.929999828338623,5.025000095367432,4.929999828338623,4.953999996185303,403458
2023-02-09 00:00:00+01:00,4.980000019073486,5.144999980926514,4.960000038146973,5.005000114440918,803435
2023-02-10 00:00:00+01:00,4.989999771118164,5.034999847412109,4.860000133514404,4.869999885559082,803089
2023-02-13 00:00:00+01:00,4.869999885559082,4.943999767303467,4.789999961853027,4.820000171661377,801229
2023-02-14 00:00:00+01:00,4.932000160217285,5.099999904632568,4.863999843597412,5.050000190734863,2177688
2023-02-15 00:00:00+01:00,5.034999847412109,5.045000076293945,4.926000118255615,5.014999866485596,1124752
2023-02-16 00:00:00+01:00,5.0,5.09499979019165,4.576000213623047,4.840000152587891,8161457
2023-02-17 00:00:00+01:00,4.800000190734863,4.835999965667725,4.702000141143799,4.809999942779541,1161119
2023-02-20 00:00:00+01:00,4.809999942779541,4.809999942779541,4.699999809265137,4.699999809265137,698662
2023-02-21 00:00:00+01:00,4.679999828338623,4.690000057220459,4.546000003814697,4.546000003814697,1067219
2023-02-22 00:00:00+01:00,4.547999858856201,4.599999904632568,4.340000152587891,4.375999927520752,1639600
2023-02-23 00:00:00+01:00,4.375999927520752,4.48799991607666,4.375999927520752,4.480000019073486,1746068
2023-02-24 00:00:00+01:00,4.489999771118164,4.538000106811523,4.421999931335449,4.461999893188477,694888
2023-02-27 00:00:00+01:00,4.461999893188477,4.507999897003174,4.4079999923706055,4.429999828338623,436131
2023-02-28 00:00:00+01:00,4.478000164031982,4.5980000495910645,4.429999828338623,4.53000020980835,1661310
2023-03-01 00:00:00+01:00,4.550000190734863,4.619999885559082,4.519999980926514,4.564000129699707,1037048
2023-03-02 00:00:00+01:00,4.564000129699707,4.585999965667725,4.414000034332275,4.420000076293945,966063
2023-03-03 00:00:00+01:00,4.480000019073486,4.51800012588501,4.429999828338623,4.453999996185303,575428
2023-03-06 00:00:00+01:00,4.519999980926514,4.730000019073486,4.513999938964844,4.702000141143799,1360412
2023-03-07 00:00:00+01:00,4.699999809265137,4.705999851226807,4.579999923706055,4.599999904632568,1092519
2023-03-08 00:00:00+01:00,4.559999942779541,4.650000095367432,4.559999942779541,4.610000133514404,914353
2023-03-09 00:00:00+01:00,4.659999847412109,4.659999847412109,4.507999897003174,4.538000106811523,724578
2023-03-10 00:00:00+01:00,4.429999828338623,4.484000205993652,4.326000213623047,4.368000030517578,1319404
2023-03-13 00:00:00+01:00,4.360000133514404,4.418000221252441,4.084000110626221,4.182000160217285,2558839
2023-03-14 00:00:00+01:00,4.159999847412109,4.300000190734863,4.142000198364258,4.276000022888184,856227
2023-03-15 00:00:00+01:00,4.334000110626221,4.340000152587891,4.007999897003174,4.067999839782715,1803190
2023-03-16 00:00:00+01:00,4.099999904632568,4.188000202178955,3.9639999866485596,4.044000148773193,1272074
2023-03-17 00:00:00+01:00,4.130000114440918,4.164000034332275,3.8519999980926514,3.878000020980835,2164960
2023-03-20 00:00:00+01:00,3.8380000591278076,3.9600000381469727,3.6600000858306885,3.931999921798706,1797297
2023-03-21 00:00:00+01:00,4.0,4.124000072479248,4.0,4.059999942779541,1965587
2023-03-22 00:00:00+01:00,4.0879998207092285,4.116000175476074,3.9739999771118164,3.9739999771118164,1236332
2023-03-23 00:00:00+01:00,3.9600000381469727,4.007999897003174,3.861999988555908,3.9200000762939453,691655
2023-03-24 00:00:00+01:00,3.930000066757202,3.930000066757202,3.7239999771118164,3.8399999141693115,1252675
2023-03-27 00:00:00+02:00,3.8299999237060547,3.8959999084472656,3.740000009536743,3.799999952316284,968221
2023-03-28 00:00:00+02:00,3.828000068664551,4.118000030517578,3.828000068664551,4.090000152587891,2276551
2023-03-29 00:00:00+02:00,4.179999828338623,4.297999858856201,4.061999797821045,4.25600004196167,2068853
2023-03-30 00:00:00+02:00,4.28000020980835,4.435999870300293,4.260000228881836,4.423999786376953,1227530
2023-03-31 00:00:00+02:00,4.449999809265137,4.47599983215332,4.3480000495910645,4.452000141143799,1297305
2023-04-03 00:00:00+02:00,4.449999809265137,4.631999969482422,4.400000095367432,4.5879998207092285,1498315
2023-04-04 00:00:00+02:00,4.590000152587891,4.599999904632568,4.50600004196167,4.541999816894531,718048
2023-04-05 00:00:00+02:00,4.578000068664551,4.599999904632568,4.480000019073486,4.550000190734863,1600186
2023-04-06 00:00:00+02:00,4.546000003814697,4.679999828338623,4.449999809265137,4.630000114440918,601530
2023-04-11 00:00:00+02:00,4.619999885559082,4.817999839782715,4.599999904632568,4.811999797821045,1911673
2023-04-12 00:00:00+02:00,4.809999942779541,5.179999828338623,4.751999855041504,5.110000133514404,3095303
2023-04-13 00:00:00+02:00,5.099999904632568,5.389999866485596,5.070000171661377,5.364999771118164,3959923
2023-04-14 00:00:00+02:00,5.360000133514404,5.434999942779541,5.164999961853027,5.300000190734863,2178281
2023-04-17 00:00:00+02:00,5.260000228881836,5.394999980926514,5.260000228881836,5.309999942779541,792593
2023-04-18 00:00:00+02:00,5.349999904632568,5.534999847412109,5.210000038146973,5.414999961853027,1146524
2023-04-19 00:00:00+02:00,5.400000095367432,5.40500020980835,5.269999980926514,5.369999885559082,1124450
2023-04-20 00:00:00+02:00,5.304999828338623,5.489999771118164,5.170000076293945,5.195000171661377,1107435
2023-04-21 00:00:00+02:00,5.179999828338623,5.179999828338623,4.960000038146973,5.03000020980835,1447499
2023-04-24 00:00:00+02:00,5.0,5.019999980926514,4.934000015258789,4.960000038146973,1113999
2023-04-25 00:00:00+02:00,5.005000114440918,5.070000171661377,4.920000076293945,4.934000015258789,610354
2023-04-26 00:00:00+02:00,4.909999847412109,4.998000144958496,4.840000152587891,4.9019999504089355,1240013
2023-04-27 00:00:00+02:00,4.900000095367432,5.099999904632568,4.900000095367432,5.050000190734863,1082130
2023-04-28 00:00:00+02:00,5.150000095367432,5.179999828338623,4.9120001792907715,4.929999828338623,1525698
2023-05-02 00:00:00+02:00,4.960000038146973,5.135000228881836,4.886000156402588,4.895999908447266,2498548
2023-05-04 00:00:00+02:00,4.900000095367432,4.960000038146973,4.714000225067139,4.71999979019165,1939689
2023-05-05 00:00:00+02:00,4.71999979019165,4.840000152587891,4.677999973297119,4.829999923706055,1618927
2023-05-08 00:00:00+02:00,4.840000152587891,4.9679999351501465,4.840000152587891,4.8979997634887695,686940
2023-05-09 00:00:00+02:00,4.920000076293945,4.920000076293945,4.763999938964844,4.7779998779296875,745303
2023-05-10 00:00:00+02:00,4.834000110626221,4.880000114440918,4.76200008392334,4.78000020980835,758030
2023-05-11 00:00:00+02:00,4.820000171661377,4.900000095367432,4.699999809265137,4.73199987411499,873355
2023-05-12 00:00:00+02:00,4.730000019073486,4.8460001945495605,4.703999996185303,4.8460001945495605,846523
2023-05-15 00:00:00+02:00,4.8460001945495605,4.872000217437744,4.685999870300293,4.699999809265137,703068
2023-05-16 00:00:00+02:00,4.74399995803833,4.78000020980835,4.650000095367432,4.679999828338623,496910
2023-05-17 00:00:00+02:00,4.679999828338623,4.739999771118164,4.611999988555908,4.699999809265137,536614
2023-05-18 00:00:00+02:00,4.739999771118164,4.789999961853027,4.6539998054504395,4.656000137329102,767335
2023-05-19 00:00:00+02:00,4.659999847412109,4.834000110626221,4.659999847412109,4.823999881744385,1084844
2023-05-22 00:00:00+02:00,4.840000152587891,4.938000202178955,4.811999797821045,4.888000011444092,706438
2023-05-23 00:00:00+02:00,4.915999889373779,4.947999954223633,4.828000068664551,4.881999969482422,463909
2023-05-24 00:00:00+02:00,4.880000114440918,4.880000114440918,4.650000095367432,4.679999828338623,1120043
2023-05-25 00:00:00+02:00,4.682000160217285,4.73799991607666,4.639999866485596,4.6519999504089355,754560
2023-05-26 00:00:00+02:00,4.639999866485596,4.760000228881836,4.633999824523926,4.748000144958496,426510
2023-05-29 00:00:00+02:00,4.769999980926514,4.794000148773193,4.71999979019165,4.783999919891357,245458
2023-05-30 00:00:00+02:00,4.769999980926514,4.769999980926514,4.627999782562256,4.633999824523926,415429
2023-05-31 00:00:00+02:00,4.631999969482422,4.665999889373779,4.438000202178955,4.453999996185303,1636421
2023-06-01 00:00:00+02:00,4.501999855041504,4.659999847412109,4.501999855041504,4.650000095367432,530998
2023-06-02 00:00:00+02:00,4.599999904632568,4.843999862670898,4.599999904632568,4.829999923706055,1810342
2023-06-05 00:00:00+02:00,4.840000152587891,4.869999885559082,4.638000011444092,4.659999847412109,2464222
2023-06-06 00:00:00+02:00,4.690000057220459,4.769999980926514,4.633999824523926,4.742000102996826,1821438
2023-06-07 00:00:00+02:00,4.73799991607666,4.797999858856201,4.659999847412109,4.710000038146973,3933478
2023-06-09 00:00:00+02:00,4.7220001220703125,4.75600004196167,4.639999866485596,4.699999809265137,1961404
2023-06-12 00:00:00+02:00,4.699999809265137,4.699999809265137,4.559999942779541,4.564000129699707,1415360
2023-06-13 00:00:00+02:00,4.519999980926514,4.5960001945495605,4.453999996185303,4.489999771118164,2330966
2023-06-14 00:00:00+02:00,4.489999771118164,4.73799991607666,4.489999771118164,4.716000080108643,3383598
2023-06-15 00:00:00+02:00,4.699999809265137,5.0,4.668000221252441,4.909999847412109,6596917
2023-06-16 00:00:00+02:00,4.909999847412109,4.9120001792907715,4.711999893188477,4.751999855041504,3916623
2023-06-19 00:00:00+02:00,4.714000225067139,4.886000156402588,4.714000225067139,4.760000228881836,1681255
2023-06-20 00:00:00+02:00,4.760000228881836,4.964000225067139,4.7220001220703125,4.889999866485596,1212788
2023-06-21 00:00:00+02:00,4.927999973297119,5.090000152587891,4.881999969482422,5.050000190734863,1190448
2023-06-22 00:00:00+02:00,5.050000190734863,5.304999828338623,4.964000225067139,5.264999866485596,2105600
2023-06-23 00:00:00+02:00,5.25,5.289999961853027,5.139999866485596,5.215000152587891,1286701
2023-06-26 00:00:00+02:00,5.230000019073486,5.715000152587891,5.164999961853027,5.679999828338623,2735300
2023-06-27 00:00:00+02:00,5.699999809265137,6.019999980926514,5.695000171661377,5.880000114440918,3524648
2023-06-28 00:00:00+02:00,5.880000114440918,6.0,5.784999847412109,5.954999923706055,2128730
2023-06-29 00:00:00+02:00,5.925000190734863,5.940000057220459,5.739999771118164,5.849999904632568,1257335
2023-06-30 00:00:00+02:00,5.829999923706055,5.849999904632568,5.635000228881836,5.760000228881836,1536267
2023-07-03 00:00:00+02:00,5.755000114440918,5.940000057220459,5.755000114440918,5.84499979019165,1065624
2023-07-04 00:00:00+02:00,5.864999771118164,5.864999771118164,5.619999885559082,5.675000190734863,744498
2023-07-05 00:00:00+02:00,5.670000076293945,5.670000076293945,5.519999980926514,5.559999942779541,1417573
2023-07-06 00:00:00+02:00,5.510000228881836,5.679999828338623,5.5,5.619999885559082,1576732
2023-07-07 00:00:00+02:00,5.619999885559082,5.739999771118164,5.610000133514404,5.659999847412109,1050825
2023-07-10 00:00:00+02:00,5.65500020980835,5.659999847412109,5.554999828338623,5.599999904632568,533026
2023-07-11 00:00:00+02:00,5.659999847412109,5.840000152587891,5.59499979019165,5.769999980926514,689513
2023-07-12 00:00:00+02:00,5.840000152587891,6.21999979019165,5.824999809265137,6.170000076293945,2634546
2023-07-13 00:00:00+02:00,6.199999809265137,6.364999771118164,6.135000228881836,6.21999979019165,1795052
2023-07-14 00:00:00+02:00,6.21999979019165,6.650000095367432,6.190000057220459,6.534999847412109,2787885
2023-07-17 00:00:00+02:00,6.650000095367432,6.699999809265137,6.400000095367432,6.590000152587891,2314144
2023-07-18 00:00:00+02:00,6.639999866485596,6.699999809265137,6.579999923706055,6.699999809265137,1382306
2023-07-19 00:00:00+02:00,6.699999809265137,6.829999923706055,6.639999866485596,6.78000020980835,922035
2023-07-20 00:00:00+02:00,6.784999847412109,6.864999771118164,6.590000152587891,6.619999885559082,932677
2023-07-21 00:00:00+02:00,6.610000133514404,6.670000076293945,6.449999809265137,6.605000019073486,699301
2023-07-24 00:00:00+02:00,6.679999828338623,6.78000020980835,6.59499979019165,6.644999980926514,1110315
2023-07-25 00:00:00+02:00,6.630000114440918,6.644999980926514,6.440000057220459,6.619999885559082,1381292
2023-07-26 00:00:00+02:00,6.679999828338623,6.78000020980835,6.510000228881836,6.53000020980835,697341
2023-07-27 00:00:00+02:00,6.53000020980835,6.625,6.480000019073486,6.550000190734863,1040325
2023-07-28 00:00:00+02:00,6.510000228881836,6.639999866485596,6.510000228881836,6.599999904632568,735013
2023-07-31 00:00:00+02:00,6.599999904632568,6.635000228881836,6.53000020980835,6.550000190734863,795434
2023-08-01 00:00:00+02:00,6.550000190734863,6.590000152587891,6.320000171661377,6.349999904632568,959857
2023-08-02 00:00:00+02:00,6.320000171661377,6.340000152587891,6.130000114440918,6.315000057220459,819640
2023-08-03 00:00:00+02:00,6.309999942779541,6.309999942779541,6.119999885559082,6.255000114440918,760310
2023-08-04 00:00:00+02:00,6.275000095367432,6.414999961853027,6.199999809265137,6.269999980926514,801179
2023-08-07 00:00:00+02:00,6.25,6.269999980926514,6.125,6.170000076293945,382421
2023-08-08 00:00:00+02:00,6.170000076293945,6.175000190734863,5.949999809265137,6.019999980926514,1076578
2023-08-09 00:00:00+02:00,6.025000095367432,6.239999771118164,6.025000095367432,6.159999847412109,529222
2023-08-10 00:00:00+02:00,6.199999809265137,6.239999771118164,6.119999885559082,6.125,589459
2023-08-11 00:00:00+02:00,6.239999771118164,6.239999771118164,5.965000152587891,6.125,612958
2023-08-14 00:00:00+02:00,6.005000114440918,6.150000095367432,5.934999942779541,6.03000020980835,462063
2023-08-16 00:00:00+02:00,5.960000038146973,5.980000019073486,5.449999809265137,5.715000152587891,2045267
2023-08-17 00:00:00+02:00,5.715000152587891,5.795000076293945,5.59499979019165,5.684999942779541,822483
2023-08-18 00:00:00+02:00,5.699999809265137,5.885000228881836,5.610000133514404,5.860000133514404,957819
2023-08-21 00:00:00+02:00,5.894999980926514,5.989999771118164,5.894999980926514,5.909999847412109,855175
2023-08-22 00:00:00+02:00,5.909999847412109,5.945000171661377,5.824999809265137,5.84499979019165,398987
2023-08-23 00:00:00+02:00,5.824999809265137,5.980000019073486,5.78000020980835,5.945000171661377,430618
2023-08-24 00:00:00+02:00,5.989999771118164,6.09499979019165,5.960000038146973,5.974999904632568,638443
2023-08-25 00:00:00+02:00,5.985000133514404,5.985000133514404,5.784999847412109,5.784999847412109,422412
2023-08-28 00:00:00+02:00,5.829999923706055,5.974999904632568,5.795000076293945,5.949999809265137,398453
2023-08-29 00:00:00+02:00,6.010000228881836,6.269999980926514,6.010000228881836,6.21999979019165,1545964
2023-08-30 00:00:00+02:00,6.28000020980835,6.335000038146973,6.144999980926514,6.175000190734863,752727
2023-08-31 00:00:00+02:00,6.110000133514404,6.239999771118164,6.010000228881836,6.074999809265137,1170461
2023-09-01 00:00:00+02:00,6.099999904632568,6.099999904632568,5.965000152587891,6.034999847412109,489406
2023-09-04 00:00:00+02:00,6.0,6.059999942779541,5.820000171661377,5.820000171661377,612915
2023-09-05 00:00:00+02:00,5.809999942779541,5.960000038146973,5.78000020980835,5.820000171661377,484708
2023-09-06 00:00:00+02:00,5.820000171661377,5.869999885559082,5.300000190734863,5.539999961853027,2046078
2023-09-07 00:00:00+02:00,5.525000095367432,5.619999885559082,5.389999866485596,5.429999828338623,1475589
2023-09-08 00:00:00+02:00,5.460000038146973,5.590000152587891,5.420000076293945,5.565000057220459,655041
2023-09-11 00:00:00+02:00,5.599999904632568,5.650000095367432,5.429999828338623,5.460000038146973,876984
2023-09-12 00:00:00+02:00,5.465000152587891,5.480000019073486,5.385000228881836,5.445000171661377,696515
2023-09-13 00:00:00+02:00,5.474999904632568,5.559999942779541,5.420000076293945,5.550000190734863,412597
2023-09-14 00:00:00+02:00,5.570000171661377,5.684999942779541,5.5,5.630000114440918,651812
2023-09-15 00:00:00+02:00,5.659999847412109,5.775000095367432,5.630000114440918,5.710000038146973,1692376
2023-09-18 00:00:00+02:00,5.739999771118164,5.739999771118164,5.409999847412109,5.445000171661377,882591
2023-09-19 00:00:00+02:00,5.5,5.565000057220459,5.449999809265137,5.510000228881836,272244
2023-09-20 00:00:00+02:00,5.510000228881836,5.590000152587891,5.445000171661377,5.579999923706055,944591
2023-09-21 00:00:00+02:00,5.570000171661377,5.570000171661377,5.409999847412109,5.449999809265137,453225
2023-09-22 00:00:00+02:00,5.409999847412109,5.5,5.409999847412109,5.420000076293945,269622
2023-09-25 00:00:00+02:00,5.420000076293945,5.460000038146973,5.309999942779541,5.355000019073486,314119
2023-09-26 00:00:00+02:00,5.349999904632568,5.429999828338623,5.255000114440918,5.389999866485596,618410
2023-09-27 00:00:00+02:00,5.449999809265137,5.5,5.389999866485596,5.420000076293945,400967
2023-09-28 00:00:00+02:00,5.420000076293945,5.550000190734863,5.340000152587891,5.550000190734863,598713
2023-09-29 00:00:00+02:00,5.539999961853027,5.744999885559082,5.460000038146973,5.699999809265137,956659
2023-10-02 00:00:00+02:00,5.639999866485596,5.735000133514404,5.5,5.505000114440918,570720
2023-10-03 00:00:00+02:00,5.46999979019165,5.699999809265137,5.440000057220459,5.659999847412109,997032
2023-10-04 00:00:00+02:00,5.539999961853027,5.860000133514404,5.474999904632568,5.84499979019165,1393212
2023-10-05 00:00:00+02:00,5.880000114440918,6.019999980926514,5.849999904632568,5.994999885559082,1497221
2023-10-06 00:00:00+02:00,5.989999771118164,6.434999942779541,5.960000038146973,6.324999809265137,2375535
2023-10-09 00:00:00+02:00,6.28000020980835,6.445000171661377,6.170000076293945,6.275000095367432,1385656
2023-10-10 00:00:00+02:00,6.275000095367432,6.630000114440918,6.275000095367432,6.570000171661377,3051265
2023-10-11 00:00:00+02:00,6.550000190734863,6.764999866485596,6.550000190734863,6.690000057220459,4440966
2023-10-12 00:00:00+02:00,6.639999866485596,6.800000190734863,6.625,6.715000152587891,2125257
2023-10-13 00:00:00+02:00,6.730000019073486,6.820000171661377,6.659999847412109,6.78000020980835,1577724
2023-10-16 00:00:00+02:00,6.96999979019165,7.480000019073486,6.96999979019165,7.400000095367432,3803581
2023-10-17 00:00:00+02:00,7.400000095367432,7.619999885559082,7.125,7.460000038146973,2777726
2023-10-18 00:00:00+02:00,7.40500020980835,7.5,7.215000152587891,7.284999847412109,1413730
2023-10-19 00:00:00+02:00,7.150000095367432,7.199999809265137,7.005000114440918,7.03000020980835,1090208
2023-10-20 00:00:00+02:00,7.0,7.175000190734863,6.815000057220459,7.0,1235988
2023-10-23 00:00:00+02:00,7.0,7.074999809265137,6.909999847412109,6.994999885559082,1299043
2023-10-24 00:00:00+02:00,6.980000019073486,7.340000152587891,6.980000019073486,7.159999847412109,1490620
2023-10-25 00:00:00+02:00,7.21999979019165,7.474999904632568,7.130000114440918,7.454999923706055,895611
2023-10-26 00:00:00+02:00,7.300000190734863,7.579999923706055,7.210000038146973,7.434999942779541,1506352
2023-10-27 00:00:00+02:00,7.539999961853027,7.539999961853027,7.28000020980835,7.320000171661377,1770703
2023-10-30 00:00:00+01:00,7.400000095367432,7.460000038146973,7.300000190734863,7.369999885559082,600551
2023-10-31 00:00:00+01:00,7.380000114440918,7.489999771118164,7.275000095367432,7.320000171661377,638104
2023-11-02 00:00:00+01:00,7.460000038146973,7.460000038146973,7.010000228881836,7.019999980926514,1289140
2023-11-03 00:00:00+01:00,7.014999866485596,7.244999885559082,7.014999866485596,7.195000171661377,675597
2023-11-06 00:00:00+01:00,7.150000095367432,7.485000133514404,7.150000095367432,7.400000095367432,778498
2023-11-07 00:00:00+01:00,7.360000133514404,7.579999923706055,7.320000171661377,7.40500020980835,775876
2023-11-08 00:00:00+01:00,7.400000095367432,7.494999885559082,7.25,7.425000190734863,896513
2023-11-09 00:00:00+01:00,7.425000190734863,7.510000228881836,7.335000038146973,7.505000114440918,2066932
2023-11-10 00:00:00+01:00,7.510000228881836,7.565000057220459,7.380000114440918,7.400000095367432,611037
2023-11-13 00:00:00+01:00,7.420000076293945,7.675000190734863,7.420000076293945,7.449999809265137,512596
2023-11-14 00:00:00+01:00,7.445000171661377,7.75,7.445000171661377,7.715000152587891,739193
2023-11-15 00:00:00+01:00,7.755000114440918,7.849999904632568,7.585000038146973,7.644999980926514,701271
2023-11-16 00:00:00+01:00,7.644999980926514,7.849999904632568,7.550000190734863,7.699999809265137,1064120
2023-11-17 00:00:00+01:00,7.735000133514404,7.78000020980835,7.599999904632568,7.699999809265137,636870
2023-11-20 00:00:00+01:00,7.699999809265137,8.029999732971191,7.699999809265137,7.949999809265137,1374739
2023-11-21 00:00:00+01:00,8.0,8.039999961853027,7.84499979019165,7.909999847412109,891950
2023-11-22 00:00:00+01:00,7.909999847412109,7.940000057220459,7.744999885559082,7.880000114440918,653211
2023-11-23 00:00:00+01:00,7.974999904632568,7.974999904632568,7.659999847412109,7.670000076293945,891862
2023-11-24 00:00:00+01:00,7.715000152587891,7.795000076293945,7.585000038146973,7.650000095367432,418274
2023-11-27 00:00:00+01:00,7.690000057220459,7.764999866485596,7.434999942779541,7.650000095367432,1085288
2023-11-28 00:00:00+01:00,7.650000095367432,8.149999618530273,7.650000095367432,8.119999885559082,2110380
2023-11-29 00:00:00+01:00,8.109999656677246,8.260000228881836,7.960000038146973,8.1850004196167,973829
2023-11-30 00:00:00+01:00,8.199999809265137,8.25,7.945000171661377,7.945000171661377,1376690
2023-12-01 00:00:00+01:00,8.119999885559082,8.255000114440918,7.985000133514404,8.104999542236328,667383
2023-12-04 00:00:00+01:00,8.135000228881836,8.300000190734863,8.079999923706055,8.079999923706055,543764
2023-12-05 00:00:00+01:00,8.079999923706055,8.420000076293945,8.0600004196167,8.21500015258789,1075103
2023-12-06 00:00:00+01:00,8.21500015258789,8.350000381469727,8.024999618530273,8.024999618530273,1628175
2023-12-07 00:00:00+01:00,8.055000305175781,8.055000305175781,7.684999942779541,7.934999942779541,2033531
2023-12-08 00:00:00+01:00,7.849999904632568,8.145000457763672,7.849999904632568,8.069999694824219,971586
2023-12-11 00:00:00+01:00,8.09000015258789,8.319999694824219,8.09000015258789,8.199999809265137,498284
2023-12-12 00:00:00+01:00,8.279999732971191,8.279999732971191,8.074999809265137,8.125,512955
2023-12-13 00:00:00+01:00,8.199999809265137,8.199999809265137,8.074999809265137,8.100000381469727,644775
2023-12-14 00:00:00+01:00,8.199999809265137,8.279999732971191,8.09000015258789,8.100000381469727,1013114
2023-12-15 00:00:00+01:00,8.100000381469727,8.220000267028809,7.889999866485596,8.029999732971191,2528661
2023-12-18 00:00:00+01:00,7.929999828338623,8.369999885559082,7.929999828338623,8.350000381469727,815348
2023-12-19 00:00:00+01:00,8.300000190734863,8.510000228881836,8.1899995803833,8.460000038146973,707334
2023-12-20 00:00:00+01:00,8.350000381469727,8.739999771118164,8.350000381469727,8.545000076293945,913548
2023-12-21 00:00:00+01:00,8.479999542236328,8.5,8.305000305175781,8.34000015258789,639246
2023-12-22 00:00:00+01:00,8.34000015258789,8.399999618530273,8.265000343322754,8.34000015258789,374020
2023-12-27 00:00:00+01:00,8.369999885559082,8.539999961853027,8.3149995803833,8.350000381469727,526537
2023-12-28 00:00:00+01:00,8.350000381469727,8.470000267028809,8.3100004196167,8.350000381469727,193178
2023-12-29 00:00:00+01:00,8.399999618530273,8.4350004196167,8.21500015258789,8.354999542236328,397638
2024-01-02 00:00:00+01:00,8.350000381469727,8.390000343322754,7.900000095367432,8.100000381469727,1031298
2024-01-03 00:00:00+01:00,8.125,8.199999809265137,7.954999923706055,8.085000038146973,1557225
2024-01-04 00:00:00+01:00,8.15999984741211,8.300000190734863,8.0600004196167,8.300000190734863,1579730
2024-01-05 00:00:00+01:00,8.28499984741211,8.300000190734863,8.079999923706055,8.300000190734863,790270
2024-01-08 00:00:00+01:00,8.300000190734863,8.725000381469727,8.180000305175781,8.6899995803833,1033107
2024-01-09 00:00:00+01:00,8.720000267028809,8.720000267028809,8.364999771118164,8.420000076293945,1466173
2024-01-10 00:00:00+01:00,8.404999732971191,8.404999732971191,8.199999809265137,8.380000114440918,1146909
2024-01-11 00:00:00+01:00,8.300000190734863,8.395000457763672,8.0649995803833,8.100000381469727,834297
2024-01-12 00:00:00+01:00,8.130000114440918,8.28499984741211,8.095000267028809,8.204999923706055,861325
2024-01-15 00:00:00+01:00,8.149999618530273,8.180000305175781,8.09000015258789,8.109999656677246,1741759
2024-01-16 00:00:00+01:00,8.09000015258789,8.25,8.069999694824219,8.25,1406603
2024-01-17 00:00:00+01:00,8.1899995803833,8.1899995803833,7.800000190734863,7.869999885559082,2407805
2024-01-18 00:00:00+01:00,7.920000076293945,8.149999618530273,7.920000076293945,7.980000019073486,459589
2024-01-19 00:00:00+01:00,7.985000133514404,8.095000267028809,7.894999980926514,7.940000057220459,261431
2024-01-22 00:00:00+01:00,7.980000019073486,8.069999694824219,7.980000019073486,8.045000076293945,134768
2024-01-23 00:00:00+01:00,8.005000114440918,8.005000114440918,7.800000190734863,7.820000171661377,677105
2024-01-24 00:00:00+01:00,7.835000038146973,7.960000038146973,7.815000057220459,7.820000171661377,870661
2024-01-25 00:00:00+01:00,7.900000095367432,7.900000095367432,7.664999961853027,7.699999809265137,752874
2024-01-26 00:00:00+01:00,7.71999979019165,7.824999809265137,7.679999828338623,7.789999961853027,1311982
2024-01-29 00:00:00+01:00,7.860000133514404,7.889999866485596,7.730000019073486,7.75,313381
2024-01-30 00:00:00+01:00,7.900000095367432,8.100000381469727,7.804999828338623,7.994999885559082,1271829
2024-01-31 00:00:00+01:00,8.03499984741211,8.449999809265137,8.03499984741211,8.40999984741211,1025760
2024-02-01 00:00:00+01:00,8.380000114440918,8.680000305175781,8.274999618530273,8.449999809265137,957022
2024-02-02 00:00:00+01:00,8.454999923706055,8.670000076293945,8.454999923706055,8.579999923706055,714779
2024-02-05 00:00:00+01:00,8.600000381469727,8.774999618530273,8.34000015258789,8.449999809265137,670815
2024-02-06 00:00:00+01:00,8.5,8.699999809265137,8.40999984741211,8.520000457763672,801007
2024-02-07 00:00:00+01:00,8.680000305175781,8.680000305175781,8.430000305175781,8.484999656677246,629351
2024-02-08 00:00:00+01:00,8.430000305175781,8.654999732971191,8.319999694824219,8.640000343322754,705325
2024-02-09 00:00:00+01:00,8.640000343322754,8.640000343322754,8.399999618530273,8.399999618530273,341224
2024-02-12 00:00:00+01:00,8.420000076293945,8.449999809265137,8.229999542236328,8.399999618530273,256020
2024-02-13 00:00:00+01:00,8.40999984741211,8.604999542236328,8.255000114440918,8.5,514305
2024-02-14 00:00:00+01:00,8.399999618530273,9.0,8.399999618530273,8.994999885559082,1090026
2024-02-15 00:00:00+01:00,8.949999809265137,9.069999694824219,8.800000190734863,9.069999694824219,939933
2024-02-16 00:00:00+01:00,9.050000190734863,9.385000228881836,9.050000190734863,9.260000228881836,1117031
2024-02-19 00:00:00+01:00,9.295000076293945,9.449999809265137,9.260000228881836,9.375,524930
2024-02-20 00:00:00+01:00,9.380000114440918,9.645000457763672,9.300000190734863,9.59000015258789,609189
2024-02-21 00:00:00+01:00,9.59000015258789,9.664999961853027,9.430000305175781,9.520000457763672,1026781
2024-02-22 00:00:00+01:00,9.529999732971191,9.789999961853027,9.529999732971191,9.75,867020
2024-02-23 00:00:00+01:00,9.75,9.850000381469727,9.319999694824219,9.699999809265137,2163927
2024-02-26 00:00:00+01:00,9.614999771118164,10.239999771118164,9.614999771118164,10.039999961853027,1334651
2024-02-27 00:00:00+01:00,10.100000381469727,10.289999961853027,9.869999885559082,10.130000114440918,759227
2024-02-28 00:00:00+01:00,10.130000114440918,10.34000015258789,9.779999732971191,9.9399995803833,1247593
2024-02-29 00:00:00+01:00,9.819999694824219,10.260000228881836,9.819999694824219,9.994999885559082,2969705
2024-03-01 00:00:00+01:00,10.020000457763672,10.1899995803833,9.854999542236328,10.0,417759
2024-03-04 00:00:00+01:00,10.100000381469727,10.149999618530273,9.805000305175781,9.850000381469727,572759
2024-03-05 00:00:00+01:00,9.8100004196167,9.920000076293945,9.625,9.8100004196167,1143897
2024-03-06 00:00:00+01:00,9.8100004196167,9.989999771118164,9.8100004196167,9.864999771118164,772541
2024-03-07 00:00:00+01:00,9.949999809265137,9.949999809265137,9.595000267028809,9.725000381469727,924012
2024-03-08 00:00:00+01:00,9.699999809265137,9.854999542236328,9.630000114440918,9.850000381469727,579526
2024-03-11 00:00:00+01:00,9.729999542236328,9.920000076293945,9.664999961853027,9.899999618530273,463015
2024-03-12 00:00:00+01:00,9.90999984741211,10.239999771118164,9.90999984741211,10.239999771118164,1128843
2024-03-13 00:00:00+01:00,10.239999771118164,10.640000343322754,10.170000076293945,10.449999809265137,1126053
2024-03-14 00:00:00+01:00,10.25,10.449999809265137,10.15999984741211,10.350000381469727,1092959
2024-03-15 00:00:00+01:00,10.300000190734863,10.630000114440918,10.239999771118164,10.510000228881836,2101409
2024-03-18 00:00:00+01:00,10.489999771118164,10.609999656677246,10.369999885559082,10.59000015258789,600256
2024-03-19 00:00:00+01:00,10.5,10.600000381469727,10.0600004196167,10.399999618530273,1134187
2024-03-20 00:00:00+01:00,10.5,10.5,9.920000076293945,10.079999923706055,1088821
2024-03-21 00:00:00+01:00,10.1899995803833,10.630000114440918,10.149999618530273,10.569999694824219,585917
2024-03-22 00:00:00+01:00,10.5,10.739999771118164,10.5,10.600000381469727,417848
2024-03-25 00:00:00+01:00,10.579999923706055,10.670000076293945,10.329999923706055,10.479999542236328,396678
2024-03-26 00:00:00+01:00,10.470000267028809,10.739999771118164,10.399999618530273,10.670000076293945,359407
2024-03-27 00:00:00+01:00,10.699999809265137,10.699999809265137,10.359999656677246,10.5,771355
2024-03-28 00:00:00+01:00,10.550000190734863,10.600000381469727,10.279999732971191,10.319999694824219,3705812
2024-04-02 00:00:00+02:00,10.300000190734863,10.859999656677246,10.300000190734863,10.489999771118164,1375752
2024-04-03 00:00:00+02:00,10.489999771118164,10.65999984741211,10.3100004196167,10.380000114440918,692535
2024-04-04 00:00:00+02:00,10.399999618530273,10.75,10.399999618530273,10.670000076293945,937902
2024-04-05 00:00:00+02:00,10.569999694824219,10.569999694824219,10.350000381469727,10.399999618530273,1028584
2024-04-08 00:00:00+02:00,10.359999656677246,10.510000228881836,10.220000267028809,10.329999923706055,790744
2024-04-09 00:00:00+02:00,10.399999618530273,10.399999618530273,9.890000343322754,9.899999618530273,939040
2024-04-10 00:00:00+02:00,9.914999961853027,10.1899995803833,9.795000076293945,9.930000305175781,1369502
2024-04-11 00:00:00+02:00,9.994999885559082,10.020000457763672,9.675000190734863,9.6899995803833,1181471
2024-04-12 00:00:00+02:00,9.729999542236328,9.954999923706055,9.555000305175781,9.5600004196167,1060262
2024-04-15 00:00:00+02:00,9.5600004196167,9.789999961853027,9.524999618530273,9.600000381469727,859879
2024-04-16 00:00:00+02:00,9.5,9.600000381469727,9.055000305175781,9.305000305175781,1463726
2024-04-17 00:00:00+02:00,9.265000343322754,9.515000343322754,9.149999618530273,9.460000038146973,1139346
2024-04-18 00:00:00+02:00,9.4350004196167,9.600000381469727,9.300000190734863,9.475000381469727,1206746
2024-04-19 00:00:00+02:00,9.329999923706055,9.369999885559082,9.09000015258789,9.1850004196167,1219497
2024-04-22 00:00:00+02:00,9.199999809265137,9.385000228881836,9.194999694824219,9.324999809265137,710830
2024-04-23 00:00:00+02:00,9.324999809265137,9.479999542236328,9.265000343322754,9.420000076293945,1049491
2024-04-24 00:00:00+02:00,9.5,9.5,9.319999694824219,9.319999694824219,981065
2024-04-25 00:00:00+02:00,9.300000190734863,9.350000381469727,9.229999542236328,9.25,542324
2024-04-26 00:00:00+02:00,9.244999885559082,9.34000015258789,9.069999694824219,9.149999618530273,859633
2024-04-29 00:00:00+02:00,9.119999885559082,9.359999656677246,9.119999885559082,9.295000076293945,1563371
2024-04-30 00:00:00+02:00,9.239999771118164,9.345000267028809,9.1850004196167,9.274999618530273,1484054
2024-05-02 00:00:00+02:00,9.225000381469727,9.385000228881836,9.1899995803833,9.229999542236328,1088512
2024-05-06 00:00:00+02:00,9.350000381469727,9.449999809265137,9.244999885559082,9.359999656677246,1145316
2024-05-07 00:00:00+02:00,9.3100004196167,9.649999618530273,9.3100004196167,9.489999771118164,1045322
2024-05-08 00:00:00+02:00,9.524999618530273,9.595000267028809,9.319999694824219,9.399999618530273,1821355
2024-05-09 00:00:00+02:00,9.399999618530273,9.640000343322754,9.375,9.390000343322754,886971
2024-05-10 00:00:00+02:00,9.420000076293945,9.529999732971191,8.720000267028809,8.890000343322754,2728538
2024-05-13 00:00:00+02:00,8.960000038146973,9.015000343322754,8.760000228881836,9.0,1933961
2024-05-14 00:00:00+02:00,9.119999885559082,9.3149995803833,8.8149995803833,9.020000457763672,2047807
2024-05-15 00:00:00+02:00,9.039999961853027,9.25,8.829999923706055,9.140000343322754,2042494
2024-05-16 00:00:00+02:00,9.140000343322754,9.180000305175781,8.914999961853027,8.914999961853027,573341
2024-05-17 00:00:00+02:00,8.949999809265137,8.949999809265137,8.734999656677246,8.829999923706055,990591
2024-05-20 00:00:00+02:00,8.829999923706055,9.039999961853027,8.8149995803833,8.845000267028809,632306
2024-05-21 00:00:00+02:00,8.845000267028809,8.845000267028809,8.354999542236328,8.600000381469727,927590
2024-05-22 00:00:00+02:00,8.600000381469727,8.71500015258789,8.520000457763672,8.619999885559082,1198449
2024-05-23 00:00:00+02:00,8.604999542236328,8.835000038146973,8.479999542236328,8.75,1313247
2024-05-24 00:00:00+02:00,8.800000190734863,8.800000190734863,8.545000076293945,8.555000305175781,357824
2024-05-27 00:00:00+02:00,8.569999694824219,8.854999542236328,8.5600004196167,8.760000228881836,453837
2024-05-28 00:00:00+02:00,8.770000457763672,8.859999656677246,8.640000343322754,8.8100004196167,1124675
2024-05-29 00:00:00+02:00,8.829999923706055,8.845000267028809,8.5600004196167,8.5600004196167,801438
2024-05-31 00:00:00+02:00,8.5600004196167,8.989999771118164,8.5600004196167,8.975000381469727,1228314
2024-06-03 00:00:00+02:00,8.989999771118164,9.069999694824219,8.8149995803833,8.819999694824219,903843
2024-06-04 00:00:00+02:00,8.819999694824219,8.835000038146973,8.274999618530273,8.354999542236328,1364827
2024-06-05 00:00:00+02:00,8.399999618530273,8.609999656677246,8.364999771118164,8.585000038146973,751331
2024-06-06 00:00:00+02:00,8.649999618530273,8.720000267028809,8.524999618530273,8.694999694824219,579561
2024-06-07 00:00:00+02:00,8.774999618530273,8.774999618530273,8.4350004196167,8.449999809265137,939918
2024-06-10 00:00:00+02:00,8.380000114440918,8.475000381469727,8.234999656677246,8.260000228881836,442028
2024-06-11 00:00:00+02:00,8.300000190734863,8.324999809265137,8.125,8.164999961853027,779047
2024-06-12 00:00:00+02:00,8.149999618530273,8.295000076293945,8.09000015258789,8.229999542236328,1046688
2024-06-13 00:00:00+02:00,8.199999809265137,8.199999809265137,7.949999809265137,7.980000019073486,841240
2024-06-14 00:00:00+02:00,8.0,8.0600004196167,7.840000152587891,8.020000457763672,924622
2024-06-17 00:00:00+02:00,8.020000457763672,8.270000457763672,8.020000457763672,8.225000381469727,457010
2024-06-18 00:00:00+02:00,8.279999732971191,8.479999542236328,8.279999732971191,8.324999809265137,603204
2024-06-19 00:00:00+02:00,8.324999809265137,8.479999542236328,8.255000114440918,8.449999809265137,448555
2024-06-20 00:00:00+02:00,8.470000267028809,8.579999923706055,8.305000305175781,8.375,358684
2024-06-21 00:00:00+02:00,8.329999923706055,8.369999885559082,8.21500015258789,8.34000015258789,825882
2024-06-24 00:00:00+02:00,8.220000267028809,8.574999809265137,8.220000267028809,8.520000457763672,404918
2024-06-25 00:00:00+02:00,8.520000457763672,8.989999771118164,8.5,8.904999732971191,1925770
2024-06-26 00:00:00+02:00,8.949999809265137,9.114999771118164,8.949999809265137,9.0,2030966
2024-06-27 00:00:00+02:00,9.005000114440918,9.380000114440918,9.0,9.135000228881836,1607980
2024-06-28 00:00:00+02:00,9.225000381469727,9.430000305175781,9.21500015258789,9.380000114440918,1076083
2024-07-01 00:00:00+02:00,9.380000114440918,9.520000457763672,9.329999923706055,9.5,744189
2024-07-02 00:00:00+02:00,9.5,9.555000305175781,9.220000267028809,9.404999732971191,640848
2024-07-03 00:00:00+02:00,9.404999732971191,9.524999618530273,9.300000190734863,9.335000038146973,902047
2024-07-04 00:00:00+02:00,9.354999542236328,9.375,9.154999732971191,9.300000190734863,323652
2024-07-05 00:00:00+02:00,9.385000228881836,9.489999771118164,9.305000305175781,9.399999618530273,669298
2024-07-08 00:00:00+02:00,9.324999809265137,9.470000267028809,9.3100004196167,9.4350004196167,478283
2024-07-09 00:00:00+02:00,9.449999809265137,9.5,9.399999618530273,9.470000267028809,553488
2024-07-10 00:00:00+02:00,9.5,9.600000381469727,9.430000305175781,9.545000076293945,348298
2024-07-11 00:00:00+02:00,9.569999694824219,9.699999809265137,9.479999542236328,9.664999961853027,1147877
2024-07-12 00:00:00+02:00,9.649999618530273,9.725000381469727,9.550000190734863,9.640000343322754,738067
2024-07-15 00:00:00+02:00,9.680000305175781,9.729999542236328,9.539999961853027,9.65999984741211,408073
2024-07-16 00:00:00+02:00,9.569999694824219,9.729999542236328,9.199999809265137,9.279999732971191,1047461
2024-07-17 00:00:00+02:00,9.180000305175781,9.524999618530273,9.15999984741211,9.255000114440918,1077434
2024-07-18 00:00:00+02:00,9.270000457763672,9.600000381469727,9.265000343322754,9.600000381469727,685337
2024-07-19 00:00:00+02:00,9.515000343322754,9.675000190734863,9.350000381469727,9.664999961853027,544987
2024-07-22 00:00:00+02:00,9.680000305175781,9.8149995803833,9.579999923706055,9.65999984741211,441922
2024-07-23 00:00:00+02:00,9.600000381469727,9.65999984741211,9.050000190734863,9.210000038146973,966083
2024-07-24 00:00:00+02:00,9.210000038146973,9.350000381469727,9.170000076293945,9.21500015258789,299071
2024-07-25 00:00:00+02:00,9.175000190734863,9.380000114440918,9.045000076293945,9.305000305175781,508106
2024-07-26 00:00:00+02:00,9.21500015258789,9.380000114440918,8.770000457763672,8.970000267028809,1107975
2024-07-29 00:00:00+02:00,9.1899995803833,9.395000457763672,8.895000457763672,9.045000076293945,965451
2024-07-30 00:00:00+02:00,9.119999885559082,9.5600004196167,8.859999656677246,8.899999618530273,1456710
2024-07-31 00:00:00+02:00,9.100000381469727,9.295000076293945,8.96500015258789,9.0600004196167,1024064
2024-08-01 00:00:00+02:00,9.085000038146973,9.255000114440918,8.899999618530273,8.899999618530273,1058544
2024-08-02 00:00:00+02:00,8.880000114440918,8.880000114440918,8.510000228881836,8.5600004196167,1022617
2024-08-05 00:00:00+02:00,8.180000305175781,8.479999542236328,7.659999847412109,8.295000076293945,1650861
2024-08-06 00:00:00+02:00,8.380000114440918,8.579999923706055,7.965000152587891,8.100000381469727,1666797
2024-08-07 00:00:00+02:00,8.199999809265137,8.34000015258789,8.0600004196167,8.0600004196167,1116936
2024-08-08 00:00:00+02:00,8.100000381469727,8.1850004196167,7.860000133514404,8.119999885559082,997252
2024-08-09 00:00:00+02:00,8.25,8.414999961853027,8.149999618530273,8.149999618530273,853583
2024-08-12 00:00:00+02:00,8.1899995803833,8.529999732971191,8.1899995803833,8.475000381469727,575950
2024-08-13 00:00:00+02:00,8.585000038146973,8.899999618530273,8.430000305175781,8.515000343322754,504644
2024-08-14 00:00:00+02:00,8.569999694824219,8.6899995803833,8.460000038146973,8.645000457763672,475628
2024-08-16 00:00:00+02:00,8.699999809265137,9.024999618530273,8.654999732971191,9.010000228881836,976408
2024-08-19 00:00:00+02:00,8.850000381469727,9.020000457763672,8.835000038146973,8.925000190734863,348512
2024-08-20 00:00:00+02:00,9.0,9.0,8.78499984741211,8.800000190734863,376042
2024-08-21 00:00:00+02:00,8.779999732971191,8.859999656677246,8.755000114440918,8.774999618530273,213330
2024-08-22 00:00:00+02:00,8.84000015258789,8.890000343322754,8.765000343322754,8.859999656677246,150779
2024-08-23 00:00:00+02:00,8.800000190734863,8.954999923706055,8.800000190734863,8.899999618530273,223909
2024-08-26 00:00:00+02:00,8.850000381469727,8.920000076293945,8.550000190734863,8.84000015258789,442602
2024-08-27 00:00:00+02:00,8.829999923706055,8.895000457763672,8.734999656677246,8.890000343322754,1214995
2024-08-28 00:00:00+02:00,8.8149995803833,9.020000457763672,8.8149995803833,8.920000076293945,635091
2024-08-29 00:00:00+02:00,8.885000228881836,9.104999542236328,8.885000228881836,9.050000190734863,481048
2024-08-30 00:00:00+02:00,9.050000190734863,9.109999656677246,8.984999656677246,9.015000343322754,624657
2024-09-02 00:00:00+02:00,9.029999732971191,9.324999809265137,8.994999885559082,9.270000457763672,487535
2024-09-03 00:00:00+02:00,9.270000457763672,9.270000457763672,8.994999885559082,9.0,442748
2024-09-04 00:00:00+02:00,8.970000267028809,9.239999771118164,8.880000114440918,9.239999771118164,615058
2024-09-05 00:00:00+02:00,9.135000228881836,9.359999656677246,9.135000228881836,9.300000190734863,990464
2024-09-06 00:00:00+02:00,9.194999694824219,9.194999694824219,8.829999923706055,8.890000343322754,1082056
2024-09-09 00:00:00+02:00,8.819999694824219,9.0600004196167,8.8149995803833,9.024999618530273,584384
2024-09-10 00:00:00+02:00,8.920000076293945,9.039999961853027,8.789999961853027,8.789999961853027,877837
2024-09-11 00:00:00+02:00,8.819999694824219,8.84000015258789,8.520000457763672,8.5649995803833,568858
2024-09-12 00:00:00+02:00,8.699999809265137,8.914999961853027,8.645000457763672,8.819999694824219,560443
2024-09-13 00:00:00+02:00,8.944999694824219,9.140000343322754,8.800000190734863,9.050000190734863,458108
2024-09-16 00:00:00+02:00,9.069999694824219,9.069999694824219,8.835000038146973,8.9350004196167,242801
2024-09-17 00:00:00+02:00,8.84000015258789,9.069999694824219,8.84000015258789,9.0,207166
2024-09-18 00:00:00+02:00,8.920000076293945,9.095000267028809,8.885000228881836,8.904999732971191,260273
2024-09-19 00:00:00+02:00,8.90999984741211,9.055000305175781,8.899999618530273,8.96500015258789,220928
2024-09-20 00:00:00+02:00,8.864999771118164,8.954999923706055,8.654999732971191,8.819999694824219,948140
2024-09-23 00:00:00+02:00,8.859999656677246,8.859999656677246,8.595000267028809,8.664999961853027,170486
2024-09-24 00:00:00+02:00,8.71500015258789,8.96500015258789,8.71500015258789,8.869999885559082,612500
2024-09-25 00:00:00+02:00,8.970000267028809,8.970000267028809,8.609999656677246,8.729999542236328,450606
2024-09-26 00:00:00+02:00,8.850000381469727,8.949999809265137,8.779999732971191,8.869999885559082,387613
2024-09-27 00:00:00+02:00,8.869999885559082,8.869999885559082,8.704999923706055,8.770000457763672,360727
2024-09-30 00:00:00+02:00,8.779999732971191,8.864999771118164,8.4399995803833,8.520000457763672,557754
2024-10-01 00:00:00+02:00,8.59000015258789,8.59000015258789,8.229999542236328,8.229999542236328,857205
2024-10-02 00:00:00+02:00,8.239999771118164,8.295000076293945,8.109999656677246,8.119999885559082,635457
2024-10-03 00:00:00+02:00,8.15999984741211,8.225000381469727,8.029999732971191,8.149999618530273,393155
2024-10-04 00:00:00+02:00,8.104999542236328,8.25,8.069999694824219,8.140000343322754,363199
2024-10-07 00:00:00+02:00,8.140000343322754,8.229999542236328,7.985000133514404,8.104999542236328,708570
2024-10-08 00:00:00+02:00,8.104999542236328,8.350000381469727,7.96999979019165,8.279999732971191,661312
2024-10-09 00:00:00+02:00,8.364999771118164,8.470000267028809,8.149999618530273,8.40999984741211,536303
2024-10-10 00:00:00+02:00,8.449999809265137,8.539999961853027,8.34000015258789,8.430000305175781,2202338
2024-10-11 00:00:00+02:00,8.460000038146973,8.489999771118164,8.354999542236328,8.380000114440918,670897
2024-10-14 00:00:00+02:00,8.399999618530273,8.449999809265137,8.359999656677246,8.380000114440918,277636
2024-10-15 00:00:00+02:00,8.404999732971191,8.420000076293945,8.234999656677246,8.324999809265137,602806
2024-10-16 00:00:00+02:00,8.354999542236328,8.454999923706055,8.289999961853027,8.40999984741211,419364
2024-10-17 00:00:00+02:00,8.449999809265137,8.484999656677246,8.050000190734863,8.149999618530273,421634
2024-10-18 00:00:00+02:00,8.295000076293945,8.395000457763672,8.260000228881836,8.369999885559082,223325
2024-10-21 00:00:00+02:00,8.369999885559082,8.369999885559082,8.15999984741211,8.220000267028809,324748
2024-10-22 00:00:00+02:00,8.220000267028809,8.295000076293945,8.055000305175781,8.055000305175781,369302
2024-10-23 00:00:00+02:00,8.050000190734863,8.114999771118164,7.980000019073486,8.085000038146973,362284
2024-10-24 00:00:00+02:00,8.095000267028809,8.130000114440918,7.864999771118164,7.925000190734863,460761
2024-10-25 00:00:00+02:00,7.96999979019165,7.96999979019165,7.78000020980835,7.875,404993
2024-10-28 00:00:00+01:00,7.900000095367432,7.985000133514404,7.809999942779541,7.849999904632568,497071
2024-10-29 00:00:00+01:00,8.15999984741211,8.359999656677246,7.84499979019165,8.255000114440918,2221349
2024-10-30 00:00:00+01:00,8.300000190734863,8.300000190734863,8.079999923706055,8.239999771118164,900577
2024-10-31 00:00:00+01:00,8.1850004196167,8.354999542236328,8.125,8.305000305175781,1298738
2024-11-04 00:00:00+01:00,8.305000305175781,8.5,8.234999656677246,8.244999885559082,411739
2024-11-05 00:00:00+01:00,8.265000343322754,8.295000076293945,8.095000267028809,8.140000343322754,270490
2024-11-06 00:00:00+01:00,8.154999732971191,8.569999694824219,8.154999732971191,8.470000267028809,652780
2024-11-07 00:00:00+01:00,8.529999732971191,8.944999694824219,8.529999732971191,8.899999618530273,1030069
2024-11-08 00:00:00+01:00,8.899999618530273,9.109999656677246,8.8149995803833,9.050000190734863,3124301
2024-11-12 00:00:00+01:00,9.050000190734863,9.180000305175781,8.984999656677246,9.015000343322754,1033783
2024-11-13 00:00:00+01:00,9.0,9.140000343322754,8.864999771118164,8.949999809265137,1315875
2024-11-14 00:00:00+01:00,8.949999809265137,9.085000038146973,8.8149995803833,9.010000228881836,794557
2024-11-15 00:00:00+01:00,9.100000381469727,9.100000381469727,8.960000038146973,9.0,620038
2024-11-18 00:00:00+01:00,8.960000038146973,9.154999732971191,8.555000305175781,8.600000381469727,689730
2024-11-19 00:00:00+01:00,8.630000114440918,8.744999885559082,7.960000038146973,8.220000267028809,746740
2024-11-20 00:00:00+01:00,8.289999961853027,8.649999618530273,8.229999542236328,8.395000457763672,751390
2024-11-21 00:00:00+01:00,8.329999923706055,8.489999771118164,8.21500015258789,8.404999732971191,552131
2024-11-22 00:00:00+01:00,8.404999732971191,8.470000267028809,8.109999656677246,8.289999961853027,566583
2024-11-25 00:00:00+01:00,8.324999809265137,8.390000343322754,8.220000267028809,8.225000381469727,606321
2024-11-26 00:00:00+01:00,8.220000267028809,8.329999923706055,8.114999771118164,8.234999656677246,196622
2024-11-27 00:00:00+01:00,8.255000114440918,8.255000114440918,8.079999923706055,8.114999771118164,214799
2024-11-28 00:00:00+01:00,8.164999961853027,8.25,8.119999885559082,8.220000267028809,299499
2024-11-29 00:00:00+01:00,8.220000267028809,8.5649995803833,8.21500015258789,8.4399995803833,843692
2024-12-02 00:00:00+01:00,8.255000114440918,8.539999961853027,8.255000114440918,8.449999809265137,527872
2024-12-03 00:00:00+01:00,8.520000457763672,8.604999542236328,8.399999618530273,8.479999542236328,241694
2024-12-04 00:00:00+01:00,8.5,8.9399995803833,8.5,8.9399995803833,602415
2024-12-05 00:00:00+01:00,8.779999732971191,9.130000114440918,8.774999618530273,9.085000038146973,441284
2024-12-06 00:00:00+01:00,9.149999618530273,9.154999732971191,8.829999923706055,8.84000015258789,335186
2024-12-09 00:00:00+01:00,8.84000015258789,8.994999885559082,8.789999961853027,8.895000457763672,317401
2024-12-10 00:00:00+01:00,8.869999885559082,8.984999656677246,8.725000381469727,8.880000114440918,403892
2024-12-11 00:00:00+01:00,8.899999618530273,8.899999618530273,8.654999732971191,8.734999656677246,387781
2024-12-12 00:00:00+01:00,8.699999809265137,8.75,8.600000381469727,8.729999542236328,513541
2024-12-13 00:00:00+01:00,8.739999771118164,8.8149995803833,8.6899995803833,8.765000343322754,420771
2024-12-16 00:00:00+01:00,8.710000038146973,8.880000114440918,8.625,8.6899995803833,558941
2024-12-17 00:00:00+01:00,8.6899995803833,8.739999771118164,8.234999656677246,8.295000076293945,674177
2024-12-18 00:00:00+01:00,8.300000190734863,8.5649995803833,8.300000190734863,8.550000190734863,1221142
2024-12-19 00:00:00+01:00,8.40999984741211,8.734999656677246,8.329999923706055,8.670000076293945,1830801
2024-12-20 00:00:00+01:00,8.600000381469727,8.600000381469727,8.380000114440918,8.539999961853027,2165886
2024-12-23 00:00:00+01:00,8.46500015258789,8.755000114440918,8.46500015258789,8.675000190734863,302111
2024-12-27 00:00:00+01:00,8.675000190734863,8.755000114440918,8.625,8.720000267028809,278086
2024-12-30 00:00:00+01:00,8.75,9.024999618530273,8.725000381469727,8.899999618530273,841588
2025-01-02 00:00:00+01:00,8.9399995803833,8.975000381469727,8.6850004196167,8.869999885559082,707843
2025-01-03 00:00:00+01:00,8.869999885559082,9.225000381469727,8.850000381469727,9.180000305175781,780796
2025-01-07 00:00:00+01:00,9.255000114440918,9.395000457763672,9.135000228881836,9.220000267028809,993181
2025-01-08 00:00:00+01:00,9.220000267028809,9.444999694824219,9.130000114440918,9.420000076293945,971505
2025-01-09 00:00:00+01:00,9.300000190734863,9.699999809265137,9.300000190734863,9.699999809265137,771003
2025-01-10 00:00:00+01:00,9.6899995803833,9.760000228881836,9.4399995803833,9.555000305175781,404184
2025-01-13 00:00:00+01:00,9.539999961853027,9.539999961853027,9.255000114440918,9.354999542236328,322076
2025-01-14 00:00:00+01:00,9.300000190734863,9.539999961853027,9.28499984741211,9.444999694824219,267631
2025-01-15 00:00:00+01:00,9.524999618530273,9.694999694824219,9.454999923706055,9.65999984741211,524623
2025-01-16 00:00:00+01:00,9.75,9.75,9.5,9.600000381469727,252685
2025-01-17 00:00:00+01:00,9.574999809265137,9.694999694824219,9.515000343322754,9.614999771118164,314167
2025-01-20 00:00:00+01:00,9.53499984741211,9.770000457763672,9.505000114440918,9.649999618530273,623627
2025-01-21 00:00:00+01:00,9.550000190734863,9.694999694824219,9.529999732971191,9.664999961853027,340287
2025-01-22 00:00:00+01:00,9.6850004196167,10.039999961853027,9.630000114440918,10.039999961853027,911268
2025-01-23 00:00:00+01:00,9.979999542236328,10.100000381469727,9.904999732971191,10.0,1115779
2025-01-24 00:00:00+01:00,9.819999694824219,10.210000038146973,9.819999694824219,10.1899995803833,1215558
2025-01-27 00:00:00+01:00,10.0,10.149999618530273,9.84000015258789,10.050000190734863,360351
2025-01-28 00:00:00+01:00,10.09000015258789,10.180000305175781,10.029999732971191,10.170000076293945,380634
2025-01-29 00:00:00+01:00,10.15999984741211,10.300000190734863,10.100000381469727,10.170000076293945,350207
2025-01-30 00:00:00+01:00,10.15999984741211,10.420000076293945,10.15999984741211,10.420000076293945,356577
2025-01-31 00:00:00+01:00,10.460000038146973,10.529999732971191,9.8149995803833,10.399999618530273,1019007
2025-02-03 00:00:00+01:00,10.270000457763672,10.279999732971191,10.0600004196167,10.210000038146973,734151
2025-02-04 00:00:00+01:00,10.119999885559082,10.369999885559082,10.100000381469727,10.199999809265137,829884
2025-02-05 00:00:00+01:00,10.199999809265137,10.199999809265137,9.404999732971191,9.630000114440918,1464610
2025-02-06 00:00:00+01:00,9.640000343322754,9.970000267028809,9.600000381469727,9.96500015258789,804279
2025-02-07 00:00:00+01:00,9.829999923706055,10.270000457763672,9.829999923706055,10.239999771118164,788130
2025-02-10 00:00:00+01:00,10.239999771118164,10.5,10.210000038146973,10.40999984741211,997495
2025-02-11 00:00:00+01:00,10.420000076293945,10.970000267028809,10.239999771118164,10.970000267028809,1820023
2025-02-12 00:00:00+01:00,10.949999809265137,11.470000267028809,10.949999809265137,11.039999961853027,2120584
2025-02-13 00:00:00+01:00,11.34000015258789,11.390000343322754,10.779999732971191,10.949999809265137,2283833
2025-02-14 00:00:00+01:00,10.949999809265137,10.979999542236328,10.680000305175781,10.760000228881836,959511
2025-02-17 00:00:00+01:00,10.760000228881836,11.039999961853027,10.630000114440918,10.859999656677246,602468
2025-02-18 00:00:00+01:00,10.899999618530273,11.380000114440918,10.880000114440918,11.380000114440918,531950
2025-02-19 00:00:00+01:00,11.390000343322754,11.569999694824219,11.279999732971191,11.34000015258789,957649
2025-02-20 00:00:00+01:00,11.119999885559082,11.5600004196167,11.119999885559082,11.279999732971191,665379
2025-02-21 00:00:00+01:00,11.3100004196167,11.470000267028809,11.3100004196167,11.4399995803833,631639
2025-02-24 00:00:00+01:00,11.399999618530273,11.399999618530273,11.020000457763672,11.09000015258789,566539
2025-02-25 00:00:00+01:00,11.09000015258789,11.479999542236328,10.949999809265137,11.399999618530273,953623
2025-02-26 00:00:00+01:00,11.449999809265137,11.859999656677246,11.399999618530273,11.720000267028809,862570
2025-02-27 00:00:00+01:00,11.720000267028809,12.15999984741211,11.4399995803833,11.6899995803833,1512445
2025-02-28 00:00:00+01:00,11.609999656677246,11.680000305175781,11.359999656677246,11.600000381469727,984993
2025-03-03 00:00:00+01:00,11.609999656677246,11.9399995803833,11.380000114440918,11.84000015258789,897526
2025-03-04 00:00:00+01:00,11.9399995803833,11.9399995803833,11.149999618530273,11.15999984741211,1311258
2025-03-05 00:00:00+01:00,11.350000381469727,11.789999961853027,11.350000381469727,11.699999809265137,1296345
2025-03-06 00:00:00+01:00,11.789999961853027,12.119999885559082,11.710000038146973,12.039999961853027,1291570
2025-03-07 00:00:00+01:00,11.899999618530273,12.229999542236328,11.869999885559082,12.15999984741211,1249164
2025-03-10 00:00:00+01:00,12.15999984741211,12.220000267028809,11.760000228881836,12.020000457763672,1305292
2025-03-11 00:00:00+01:00,12.100000381469727,12.279999732971191,11.960000038146973,12.180000305175781,2047667
2025-03-12 00:00:00+01:00,12.149999618530273,13.0,12.149999618530273,12.979999542236328,2005999
2025-03-13 00:00:00+01:00,12.819999694824219,13.119999885559082,12.739999771118164,12.859999656677246,953631
2025-03-14 00:00:00+01:00,12.859999656677246,13.359999656677246,12.789999961853027,12.949999809265137,3188023
2025-03-17 00:00:00+01:00,12.960000038146973,13.350000381469727,12.90999984741211,13.319999694824219,1787224
2025-03-18 00:00:00+01:00,13.350000381469727,13.880000114440918,13.350000381469727,13.600000381469727,1591466
2025-03-19 00:00:00+01:00,13.5,13.75,13.079999923706055,13.680000305175781,1791863
2025-03-20 00:00:00+01:00,13.739999771118164,13.899999618530273,13.4399995803833,13.489999771118164,1636154
2025-03-21 00:00:00+01:00,13.399999618530273,13.489999771118164,12.779999732971191,13.420000076293945,3765738
2025-03-24 00:00:00+01:00,13.420000076293945,14.050000190734863,13.420000076293945,13.9399995803833,1042215
2025-03-25 00:00:00+01:00,13.9399995803833,15.100000381469727,13.9399995803833,14.5,2697032
2025-03-26 00:00:00+01:00,14.600000381469727,14.779999732971191,14.09000015258789,14.430000305175781,1573193
2025-03-27 00:00:00+01:00,14.319999694824219,14.579999923706055,14.170000076293945,14.510000228881836,914919
2025-03-28 00:00:00+01:00,14.470000267028809,14.8100004196167,14.220000267028809,14.6899995803833,1587403
2025-03-31 00:00:00+02:00,14.630000114440918,14.630000114440918,13.960000038146973,14.140000343322754,1567702
2025-04-01 00:00:00+02:00,14.039999961853027,14.449999809265137,14.039999961853027,14.449999809265137,895002
2025-04-02 00:00:00+02:00,14.510000228881836,15.100000381469727,14.289999961853027,15.029999732971191,1369275
2025-04-03 00:00:00+02:00,14.899999618530273,14.899999618530273,13.989999771118164,14.0,1648293
2025-04-04 00:00:00+02:00,13.899999618530273,13.899999618530273,12.0,12.300000190734863,3490222
2025-04-07 00:00:00+02:00,11.100000381469727,12.600000381469727,10.890000343322754,12.239999771118164,2159302
2025-04-08 00:00:00+02:00,12.399999618530273,12.819999694824219,11.979999542236328,12.800000190734863,1555979
2025-04-09 00:00:00+02:00,12.399999618530273,12.779999732971191,12.180000305175781,12.510000228881836,1018602
2025-04-10 00:00:00+02:00,13.680000305175781,13.699999809265137,12.649999618530273,12.859999656677246,1975614
2025-04-11 00:00:00+02:00,12.729999542236328,13.319999694824219,12.729999542236328,13.100000381469727,1155965
2025-04-14 00:00:00+02:00,13.380000114440918,13.920000076293945,13.329999923706055,13.920000076293945,929527
2025-04-15 00:00:00+02:00,14.0,14.619999885559082,13.65999984741211,14.149999618530273,2129657
2025-04-16 00:00:00+02:00,13.899999618530273,14.359999656677246,13.789999961853027,13.920000076293945,1040407
2025-04-17 00:00:00+02:00,13.9399995803833,14.390000343322754,13.890000343322754,14.25,1402995
2025-04-22 00:00:00+02:00,14.130000114440918,14.739999771118164,14.130000114440918,14.600000381469727,1817027
2025-04-23 00:00:00+02:00,14.75,15.369999885559082,14.75,15.369999885559082,2042828
2025-04-24 00:00:00+02:00,15.020000457763672,15.289999961853027,14.920000076293945,15.270000457763672,1751693
2025-04-25 00:00:00+02:00,15.3100004196167,15.489999771118164,14.920000076293945,15.0,2045657
2025-04-28 00:00:00+02:00,15.010000228881836,15.220000267028809,14.800000190734863,14.90999984741211,801577
2025-04-29 00:00:00+02:00,15.100000381469727,15.130000114440918,14.84000015258789,14.979999542236328,1755034
2025-04-30 00:00:00+02:00,14.979999542236328,15.09000015258789,14.380000114440918,14.59000015258789,1331932
2025-05-02 00:00:00+02:00,14.899999618530273,15.069999694824219,14.699999809265137,14.949999809265137,1746081
2025-05-05 00:00:00+02:00,14.949999809265137,14.949999809265137,14.289999961853027,14.489999771118164,1056469
2025-05-06 00:00:00+02:00,14.300000190734863,14.489999771118164,13.579999923706055,13.890000343322754,1132146
2025-05-07 00:00:00+02:00,13.800000190734863,14.369999885559082,13.75,14.350000381469727,2747047
2025-05-08 00:00:00+02:00,14.449999809265137,14.529999732971191,14.050000190734863,14.079999923706055,835156
2025-05-09 00:00:00+02:00,14.079999923706055,14.609999656677246,14.010000228881836,14.5,1550220
2025-05-12 00:00:00+02:00,14.649999618530273,14.869999885559082,13.9399995803833,14.199999809265137,2521542
2025-05-13 00:00:00+02:00,14.199999809265137,14.489999771118164,13.949999809265137,14.390000343322754,5065843
2025-05-14 00:00:00+02:00,15.0600004196167,15.59000015258789,14.520000457763672,14.739999771118164,6738541
2025-05-15 00:00:00+02:00,14.770000457763672,15.390000343322754,14.5,15.220000267028809,3522325
2025-05-16 00:00:00+02:00,15.300000190734863,15.770000457763672,15.100000381469727,15.130000114440918,4189567
2025-05-19 00:00:00+02:00,15.100000381469727,15.140000343322754,14.279999732971191,14.319999694824219,3428791
2025-05-20 00:00:00+02:00,14.529999732971191,14.90999984741211,14.109999656677246,14.359999656677246,2081725
2025-05-21 00:00:00+02:00,14.449999809265137,14.65999984741211,14.119999885559082,14.390000343322754,2208209
2025-05-22 00:00:00+02:00,14.390000343322754,14.630000114440918,14.239999771118164,14.380000114440918,1988236
2025-05-23 00:00:00+02:00,14.579999923706055,14.779999732971191,13.899999618530273,14.3100004196167,1648077
2025-05-26 00:00:00+02:00,14.5,15.050000190734863,14.25,14.960000038146973,1648588
2025-05-27 00:00:00+02:00,15.130000114440918,15.449999809265137,15.020000457763672,15.149999618530273,2451684
2025-05-28 00:00:00+02:00,15.149999618530273,15.899999618530273,15.130000114440918,15.489999771118164,4782407
2025-05-29 00:00:00+02:00,15.5,15.649999618530273,14.630000114440918,14.8100004196167,4014207
2025-05-30 00:00:00+02:00,14.949999809265137,15.039999961853027,14.420000076293945,14.539999961853027,53225844
2025-06-02 00:00:00+02:00,14.5,14.5,13.390000343322754,13.90999984741211,2489194
2025-06-03 00:00:00+02:00,13.960000038146973,14.029999732971191,13.40999984741211,13.680000305175781,2532282
2025-06-04 00:00:00+02:00,13.649999618530273,14.130000114440918,13.649999618530273,14.130000114440918,3142001
2025-06-05 00:00:00+02:00,13.960000038146973,13.960000038146973,13.489999771118164,13.699999809265137,2860121
2025-06-06 00:00:00+02:00,13.520000457763672,13.619999885559082,12.970000267028809,13.609999656677246,4325807
2025-06-09 00:00:00+02:00,13.75,13.960000038146973,13.510000228881836,13.890000343322754,1346753
2025-06-10 00:00:00+02:00,13.760000228881836,14.1899995803833,13.65999984741211,13.920000076293945,2146420
2025-06-11 00:00:00+02:00,14.149999618530273,14.149999618530273,13.770000457763672,13.880000114440918,1172060
2025-06-12 00:00:00+02:00,13.630000114440918,13.989999771118164,13.449999809265137,13.819999694824219,1209512
2025-06-13 00:00:00+02:00,13.449999809265137,13.850000381469727,13.369999885559082,13.479999542236328,2628696
2025-06-16 00:00:00+02:00,13.529999732971191,13.880000114440918,13.529999732971191,13.619999885559082,1339147
2025-06-17 00:00:00+02:00,13.720000267028809,13.720000267028809,13.430000305175781,13.670000076293945,870195
2025-06-18 00:00:00+02:00,13.720000267028809,13.75,13.149999618530273,13.300000190734863,1046286
2025-06-20 00:00:00+02:00,13.300000190734863,13.779999732971191,13.199999809265137,13.630000114440918,2498448
2025-06-23 00:00:00+02:00,13.489999771118164,13.510000228881836,13.170000076293945,13.1899995803833,476741
2025-06-24 00:00:00+02:00,13.350000381469727,13.9399995803833,13.350000381469727,13.8100004196167,1290508
2025-06-25 00:00:00+02:00,13.930000305175781,13.930000305175781,13.539999961853027,13.729999542236328,769664
2025-06-26 00:00:00+02:00,13.729999542236328,14.069999694824219,13.729999542236328,13.930000305175781,1187066
2025-06-27 00:00:00+02:00,13.949999809265137,13.949999809265137,13.729999542236328,13.930000305175781,700806
2025-06-30 00:00:00+02:00,14.010000228881836,14.300000190734863,13.970000267028809,14.300000190734863,1177518
2025-07-01 00:00:00+02:00,14.350000381469727,14.65999984741211,14.319999694824219,14.420000076293945,1406378
2025-07-02 00:00:00+02:00,14.5,14.59000015258789,14.069999694824219,14.329999923706055,1483208
2025-07-03 00:00:00+02:00,14.329999923706055,15.079999923706055,14.329999923706055,15.0,3981024
2025-07-04 00:00:00+02:00,15.0,15.100000381469727,14.619999885559082,14.739999771118164,672476
2025-07-07 00:00:00+02:00,14.899999618530273,14.899999618530273,14.609999656677246,14.6899995803833,741155
2025-07-08 00:00:00+02:00,14.6899995803833,14.789999961853027,14.369999885559082,14.449999809265137,2414130
2025-07-09 00:00:00+02:00,14.600000381469727,14.65999984741211,14.350000381469727,14.449999809265137,2671249
2025-07-10 00:00:00+02:00,14.449999809265137,14.5,13.880000114440918,13.880000114440918,858975
2025-07-11 00:00:00+02:00,14.039999961853027,14.039999961853027,13.600000381469727,13.699999809265137,1104156
2025-07-14 00:00:00+02:00,13.699999809265137,13.779999732971191,13.5600004196167,13.600000381469727,581996
2025-07-15 00:00:00+02:00,13.600000381469727,14.09000015258789,13.600000381469727,13.9399995803833,2122873
2025-07-16 00:00:00+02:00,14.039999961853027,14.039999961853027,13.720000267028809,13.829999923706055,1106816
2025-07-17 00:00:00+02:00,13.960000038146973,14.4399995803833,13.8100004196167,14.390000343322754,1401468
2025-07-18 00:00:00+02:00,14.380000114440918,15.0,14.380000114440918,14.760000228881836,1655498
2025-07-21 00:00:00+02:00,14.760000228881836,14.899999618530273,14.350000381469727,14.579999923706055,711916
2025-07-22 00:00:00+02:00,14.4399995803833,14.630000114440918,14.350000381469727,14.510000228881836,695640
2025-07-23 00:00:00+02:00,14.75,14.800000190734863,14.539999961853027,14.600000381469727,673161
2025-07-24 00:00:00+02:00,14.600000381469727,14.949999809265137,14.600000381469727,14.949999809265137,624132
2025-07-25 00:00:00+02:00,14.899999618530273,15.100000381469727,14.760000228881836,15.09000015258789,712896
2025-07-28 00:00:00+02:00,15.079999923706055,15.220000267028809,14.8100004196167,14.84000015258789,977918
2025-07-29 00:00:00+02:00,15.0,15.149999618530273,14.699999809265137,15.039999961853027,1169409
2025-07-30 00:00:00+02:00,14.949999809265137,15.039999961853027,14.699999809265137,14.989999771118164,890506
2025-07-31 00:00:00+02:00,14.970000267028809,14.970000267028809,14.470000267028809,14.630000114440918,702401
2025-08-01 00:00:00+02:00,14.739999771118164,14.739999771118164,14.15999984741211,14.239999771118164,561666
2025-08-04 00:00:00+02:00,14.25,14.539999961853027,14.199999809265137,14.390000343322754,459840
2025-08-05 00:00:00+02:00,14.390000343322754,14.550000190734863,14.0,14.039999961853027,662165
2025-08-06 00:00:00+02:00,14.300000190734863,14.640000343322754,14.100000381469727,14.640000343322754,922603
2025-08-07 00:00:00+02:00,14.640000343322754,15.979999542236328,14.510000228881836,15.819999694824219,2988039
2025-08-08 00:00:00+02:00,15.8100004196167,16.040000915527344,15.579999923706055,16.020000457763672,1301077
2025-08-11 00:00:00+02:00,16.100000381469727,16.100000381469727,15.729999542236328,16.020000457763672,1059774
2025-08-12 00:00:00+02:00,16.079999923706055,16.079999923706055,15.5600004196167,15.8100004196167,610963
2025-08-13 00:00:00+02:00,15.800000190734863,16.100000381469727,15.789999961853027,15.850000381469727,1090823
2025-08-14 00:00:00+02:00,15.699999809265137,16.049999237060547,15.430000305175781,15.680000305175781,809276
2025-08-18 00:00:00+02:00,15.399999618530273,15.539999961853027,15.119999885559082,15.539999961853027,677812
2025-08-19 00:00:00+02:00,15.5600004196167,16.040000915527344,15.5600004196167,15.859999656677246,1180518
2025-08-20 00:00:00+02:00,15.8100004196167,15.859999656677246,15.470000267028809,15.6899995803833,564471
2025-08-21 00:00:00+02:00,15.680000305175781,16.049999237060547,15.630000114440918,16.010000228881836,625125
2025-08-22 00:00:00+02:00,15.5,15.5,14.619999885559082,14.739999771118164,2343565
2025-08-25 00:00:00+02:00,14.729999542236328,15.210000038146973,14.729999542236328,14.869999885559082,566914
2025-08-26 00:00:00+02:00,15.020000457763672,15.050000190734863,14.539999961853027,14.890000343322754,1465332
2025-08-27 00:00:00+02:00,14.819999694824219,15.100000381469727,14.710000038146973,14.829999923706055,995917
2025-08-28 00:00:00+02:00,14.75,14.829999923706055,14.430000305175781,14.479999542236328,536549
2025-08-29 00:00:00+02:00,14.399999618530273,14.520000457763672,14.020000457763672,14.09000015258789,572052
2025-09-01 00:00:00+02:00,14.079999923706055,14.34000015258789,13.890000343322754,14.039999961853027,453446
2025-09-02 00:00:00+02:00,14.010000228881836,14.640000343322754,13.59000015258789,14.199999809265137,814059
2025-09-03 00:00:00+02:00,14.199999809265137,14.520000457763672,14.130000114440918,14.130000114440918,594487
2025-09-04 00:00:00+02:00,14.180000305175781,14.489999771118164,14.050000190734863,14.34000015258789,475252
2025-09-05 00:00:00+02:00,14.5,14.680000305175781,14.220000267028809,14.220000267028809,660884
2025-09-08 00:00:00+02:00,14.199999809265137,14.890000343322754,14.199999809265137,14.819999694824219,1068732
2025-09-09 00:00:00+02:00,14.819999694824219,14.880000114440918,14.520000457763672,14.699999809265137,684341
2025-09-10 00:00:00+02:00,14.600000381469727,14.600000381469727,13.949999809265137,14.319999694824219,1292483
2025-09-11 00:00:00+02:00,14.270000457763672,14.779999732971191,14.199999809265137,14.649999618530273,760297
2025-09-12 00:00:00+02:00,14.649999618530273,14.760000228881836,14.479999542236328,14.479999542236328,395148
2025-09-15 00:00:00+02:00,14.510000228881836,15.149999618530273,14.510000228881836,15.100000381469727,1016038
2025-09-16 00:00:00+02:00,15.239999771118164,15.239999771118164,14.779999732971191,14.779999732971191,570679
2025-09-17 00:00:00+02:00,14.65999984741211,14.890000343322754,14.460000038146973,14.619999885559082,766243
2025-09-18 00:00:00+02:00,14.6899995803833,14.779999732971191,14.449999809265137,14.6899995803833,533631
2025-09-19 00:00:00+02:00,14.6899995803833,15.069999694824219,14.6899995803833,15.069999694824219,1960651
2025-09-22 00:00:00+02:00,15.039999961853027,15.039999961853027,14.319999694824219,14.520000457763672,542786
2025-09-23 00:00:00+02:00,14.529999732971191,14.9399995803833,14.529999732971191,14.9399995803833,614599
2025-09-24 00:00:00+02:00,14.569999694824219,14.84000015258789,14.479999542236328,14.739999771118164,531380
2025-09-25 00:00:00+02:00,14.739999771118164,14.739999771118164,14.350000381469727,14.390000343322754,532447
2025-09-26 00:00:00+02:00,14.470000267028809,14.789999961853027,14.420000076293945,14.789999961853027,373135
2025-09-29 00:00:00+02:00,14.670000076293945,14.859999656677246,14.600000381469727,14.739999771118164,384447
2025-09-30 00:00:00+02:00,14.800000190734863,14.800000190734863,14.4399995803833,14.4399995803833,866674
2025-10-01 00:00:00+02:00,14.5,14.729999542236328,14.399999618530273,14.729999542236328,575590
2025-10-02 00:00:00+02:00,14.65999984741211,15.229999542236328,14.640000343322754,14.9399995803833,845164
2025-10-03 00:00:00+02:00,15.119999885559082,15.149999618530273,14.850000381469727,14.930000305175781,319984
2025-10-06 00:00:00+02:00,14.930000305175781,15.149999618530273,14.65999984741211,14.789999961853027,278566
2025-10-07 00:00:00+02:00,15.050000190734863,15.050000190734863,14.6899995803833,14.869999885559082,389908
2025-10-08 00:00:00+02:00,14.9399995803833,14.970000267028809,14.569999694824219,14.949999809265137,504140
2025-10-09 00:00:00+02:00,15.029999732971191,15.199999809265137,14.880000114440918,15.100000381469727,601633
2025-10-10 00:00:00+02:00,15.180000305175781,15.239999771118164,14.880000114440918,15.239999771118164,654438
2025-10-13 00:00:00+02:00,15.100000381469727,15.100000381469727,14.670000076293945,14.779999732971191,870349
2025-10-14 00:00:00+02:00,14.779999732971191,14.779999732971191,14.40999984741211,14.630000114440918,493241
2025-10-15 00:00:00+02:00,14.630000114440918,14.930000305175781,14.630000114440918,14.930000305175781,568150
2025-10-16 00:00:00+02:00,14.979999542236328,14.979999542236328,14.579999923706055,14.739999771118164,522859
2025-10-17 00:00:00+02:00,14.600000381469727,14.680000305175781,14.420000076293945,14.680000305175781,560072
2025-10-20 00:00:00+02:00,14.84000015258789,15.130000114440918,14.609999656677246,15.119999885559082,673418
2025-10-21 00:00:00+02:00,15.25,15.4399995803833,15.140000343322754,15.229999542236328,693770
2025-10-22 00:00:00+02:00,15.229999542236328,15.59000015258789,15.1899995803833,15.569999694824219,808340
2025-10-23 00:00:00+02:00,15.569999694824219,15.6899995803833,15.420000076293945,15.529999732971191,445689
2025-10-24 00:00:00+02:00,15.649999618530273,15.960000038146973,15.0,15.15999984741211,477724
2025-10-27 00:00:00+01:00,15.239999771118164,15.789999961853027,15.239999771118164,15.489999771118164,752585
2025-10-28 00:00:00+01:00,15.5,16.360000610351562,15.4399995803833,16.290000915527344,1170769
2025-10-29 00:00:00+01:00,16.299999237060547,16.6200008392334,15.6899995803833,16.06999969482422,1492273
2025-10-30 00:00:00+01:00,16.110000610351562,16.25,15.600000381469727,15.739999771118164,526917
2025-10-31 00:00:00+01:00,15.739999771118164,15.739999771118164,15.119999885559082,15.4399995803833,1045998
2025-11-03 00:00:00+01:00,15.479999542236328,15.869999885559082,15.479999542236328,15.640000343322754,393613
2025-11-04 00:00:00+01:00,15.600000381469727,16.049999237060547,15.510000228881836,15.859999656677246,768928
2025-11-05 00:00:00+01:00,15.979999542236328,16.079999923706055,15.6899995803833,16.0,1192740
2025-11-06 00:00:00+01:00,16.049999237060547,16.049999237060547,15.630000114440918,15.630000114440918,1406327
2025-11-07 00:00:00+01:00,15.600000381469727,15.979999542236328,15.600000381469727,15.779999732971191,391219
2025-11-10 00:00:00+01:00,15.850000381469727,16.25,15.850000381469727,16.15999984741211,1677739
2025-11-12 00:00:00+01:00,16.399999618530273,16.399999618530273,15.699999809265137,15.899999618530273,1330006
2025-11-13 00:00:00+01:00,15.899999618530273,16.299999237060547,15.899999618530273,16.290000915527344,1150126
2025-11-14 00:00:00+01:00,16.200000762939453,16.200000762939453,15.789999961853027,16.149999618530273,636220
2025-11-17 00:00:00+01:00,16.18000030517578,16.18000030517578,15.850000381469727,15.920000076293945,393947
2025-11-18 00:00:00+01:00,15.920000076293945,15.920000076293945,15.520000457763672,15.710000038146973,651794
2025-11-19 00:00:00+01:00,15.710000038146973,16.09000015258789,15.479999542236328,16.079999923706055,1707224
2025-11-20 00:00:00+01:00,16.1200008392334,16.280000686645508,15.949999809265137,16.0,675960
2025-11-21 00:00:00+01:00,16.0,16.0,15.59000015258789,15.720000267028809,948718
2025-11-24 00:00:00+01:00,15.890000343322754,15.890000343322754,15.539999961853027,15.789999961853027,2028705
2025-11-25 00:00:00+01:00,15.850000381469727,16.1200008392334,15.579999923706055,16.0,1231467
2025-11-26 00:00:00+01:00,16.200000762939453,16.229999542236328,15.90999984741211,16.0,1151455
2025-11-27 00:00:00+01:00,16.09000015258789,16.09000015258789,15.569999694824219,15.760000228881836,523712
2025-11-28 00:00:00+01:00,15.600000381469727,15.699999809265137,15.479999542236328,15.619999885559082,424330
2025-12-01 00:00:00+01:00,15.539999961853027,15.579999923706055,15.270000457763672,15.430000305175781,369403
2025-12-02 00:00:00+01:00,15.319999694824219,15.380000114440918,14.899999618530273,14.960000038146973,730439
2025-12-03 00:00:00+01:00,15.0,15.1899995803833,14.680000305175781,15.1899995803833,746499
2025-12-04 00:00:00+01:00,15.1899995803833,15.1899995803833,14.90999984741211,14.970000267028809,271446
2025-12-05 00:00:00+01:00,14.930000305175781,15.09000015258789,14.819999694824219,14.829999923706055,618205
2025-12-08 00:00:00+01:00,14.829999923706055,15.34000015258789,14.829999923706055,15.34000015258789,753789
2025-12-09 00:00:00+01:00,15.479999542236328,15.920000076293945,15.380000114440918,15.880000114440918,1299789
2025-12-10 00:00:00+01:00,15.880000114440918,15.979999542236328,15.649999618530273,15.979999542236328,1438976
2025-12-11 00:00:00+01:00,16.040000915527344,16.040000915527344,15.8100004196167,16.0,917461
2025-12-12 00:00:00+01:00,16.0,16.09000015258789,15.619999885559082,15.899999618530273,1115230
2025-12-15 00:00:00+01:00,15.899999618530273,16.100000381469727,15.729999542236328,16.09000015258789,737523
2025-12-16 00:00:00+01:00,15.850000381469727,16.049999237060547,15.800000190734863,15.890000343322754,556187
2025-12-17 00:00:00+01:00,15.949999809265137,16.049999237060547,15.819999694824219,15.970000267028809,804342
2025-12-18 00:00:00+01:00,16.0,16.09000015258789,15.729999542236328,16.09000015258789,531736
2025-12-19 00:00:00+01:00,16.09000015258789,16.6299991607666,15.949999809265137,16.530000686645508,2367969
2025-12-22 00:00:00+01:00,16.690000534057617,16.950000762939453,16.559999465942383,16.700000762939453,458448
2025-12-23 00:00:00+01:00,16.799999237060547,16.8799991607666,16.5,16.8799991607666,636858
2025-12-29 00:00:00+01:00,16.8799991607666,16.8799991607666,16.56999969482422,16.790000915527344,786258
2025-12-30 00:00:00+01:00,16.75,16.8799991607666,16.489999771118164,16.6299991607666,764070
2026-01-02 00:00:00+01:00,16.649999618530273,17.469999313354492,16.59000015258789,17.440000534057617,1194768
2026-01-05 00:00:00+01:00,17.450000762939453,17.600000381469727,17.299999237060547,17.479999542236328,721133
2026-01-07 00:00:00+01:00,17.610000610351562,17.739999771118164,17.389999389648438,17.59000015258789,1201249
2026-01-08 00:00:00+01:00,17.59000015258789,17.59000015258789,17.010000228881836,17.139999389648438,591031
2026-01-09 00:00:00+01:00,17.059999465942383,17.239999771118164,16.84000015258789,17.100000381469727,429953
2026-01-12 00:00:00+01:00,17.239999771118164,17.239999771118164,16.959999084472656,17.190000534057617,342870
2026-01-13 00:00:00+01:00,17.100000381469727,17.299999237060547,16.84000015258789,16.950000762939453,602826
2026-01-14 00:00:00+01:00,16.90999984741211,16.940000534057617,16.440000534057617,16.65999984741211,905993
2026-01-15 00:00:00+01:00,16.700000762939453,16.799999237060547,16.440000534057617,16.600000381469727,613059
2026-01-16 00:00:00+01:00,16.600000381469727,16.709999084472656,16.270000457763672,16.40999984741211,874506
2026-01-19 00:00:00+01:00,16.43000030517578,16.43000030517578,16.139999389648438,16.329999923706055,577832
2026-01-20 00:00:00+01:00,16.309999465942383,16.309999465942383,16.049999237060547,16.290000915527344,628055
2026-01-21 00:00:00+01:00,16.25,16.34000015258789,16.020000457763672,16.34000015258789,718048
2026-01-22 00:00:00+01:00,16.5,16.850000381469727,16.43000030517578,16.850000381469727,2033648
2026-01-23 00:00:00+01:00,16.989999771118164,17.100000381469727,16.559999465942383,16.690000534057617,1027942
2026-01-26 00:00:00+01:00,16.549999237060547,16.899999618530273,16.540000915527344,16.81999969482422,1008252
2026-01-27 00:00:00+01:00,16.899999618530273,17.729999542236328,16.739999771118164,17.690000534057617,1737099
2026-01-28 00:00:00+01:00,17.690000534057617,17.81999969482422,17.479999542236328,17.700000762939453,1181304
2026-01-29 00:00:00+01:00,17.5,17.700000762939453,17.010000228881836,17.1200008392334,669277
2026-01-30 00:00:00+01:00,17.100000381469727,17.34000015258789,16.90999984741211,17.200000762939453,1799328
2026-02-02 00:00:00+01:00,17.100000381469727,17.290000915527344,16.899999618530273,17.290000915527344,466353
2026-02-03 00:00:00+01:00,17.690000534057617,18.459999084472656,17.260000228881836,18.1200008392334,2142349
2026-02-04 00:00:00+01:00,18.1200008392334,18.229999542236328,17.8799991607666,18.15999984741211,1173496
2026-02-05 00:00:00+01:00,18.200000762939453,18.200000762939453,17.5,17.649999618530273,576771
2026-02-06 00:00:00+01:00,17.459999084472656,17.780000686645508,17.270000457763672,17.780000686645508,1146835
2026-02-09 00:00:00+01:00,18.18000030517578,18.34000015258789,17.510000228881836,17.68000030517578,960606
2026-02-10 00:00:00+01:00,17.899999618530273,17.940000534057617,17.469999313354492,17.8799991607666,566680
2026-02-11 00:00:00+01:00,17.790000915527344,17.8799991607666,17.420000076293945,17.6200008392334,719139
2026-02-12 00:00:00+01:00,17.639999389648438,17.959999084472656,17.56999969482422,17.719999313354492,580900
2026-02-13 00:00:00+01:00,17.799999237060547,17.799999237060547,16.639999389648438,16.850000381469727,1379301
2026-02-16 00:00:00+01:00,17.0,17.389999389648438,16.90999984741211,17.31999969482422,1347994
2026-02-17 00:00:00+01:00,17.350000381469727,17.43000030517578,16.8799991607666,17.299999237060547,663275
2026-02-18 00:00:00+01:00,17.450000762939453,17.520000457763672,17.290000915527344,17.510000228881836,514786
2026-02-19 00:00:00+01:00,17.510000228881836,17.770000457763672,17.06999969482422,17.420000076293945,674187
2026-02-20 00:00:00+01:00,17.200000762939453,17.510000228881836,17.200000762939453,17.440000534057617,557855
2026-02-23 00:00:00+01:00,17.5,17.739999771118164,17.34000015258789,17.540000915527344,1396429
2026-02-24 00:00:00+01:00,17.649999618530273,17.649999618530273,17.0,17.270000457763672,984150
2026-02-25 00:00:00+01:00,17.270000457763672,17.59000015258789,17.239999771118164,17.540000915527344,700560
2026-02-26 00:00:00+01:00,17.600000381469727,17.770000457763672,17.299999237060547,17.450000762939453,894596
2026-02-27 00:00:00+01:00,17.600000381469727,17.600000381469727,17.280000686645508,17.34000015258789,1597381
2026-03-02 00:00:00+01:00,16.8799991607666,17.139999389648438,16.5,16.610000610351562,1511142
2026-03-03 00:00:00+01:00,16.610000610351562,16.610000610351562,15.670000076293945,15.869999885559082,1240165
2026-03-04 00:00:00+01:00,15.859999656677246,16.600000381469727,15.859999656677246,16.200000762939453,1264379
2026-03-05 00:00:00+01:00,16.5,16.549999237060547,16.049999237060547,16.149999618530273,614117
2026-03-06 00:00:00+01:00,16.059999465942383,16.1200008392334,15.649999618530273,15.65999984741211,1022930
2026-03-09 00:00:00+01:00,15.399999618530273,15.989999771118164,15.109999656677246,15.829999923706055,955670
2026-03-10 00:00:00+01:00,16.149999618530273,16.440000534057617,15.770000457763672,15.989999771118164,633397
2026-03-11 00:00:00+01:00,16.0,16.06999969482422,15.739999771118164,15.920000076293945,438019
2026-03-12 00:00:00+01:00,15.899999618530273,15.899999618530273,15.390000343322754,15.649999618530273,1203163
2026-03-13 00:00:00+01:00,15.649999618530273,16.049999237060547,15.5600004196167,15.8100004196167,816962
2026-03-16 00:00:00+01:00,16.110000610351562,16.110000610351562,15.579999923706055,15.720000267028809,969821
2026-03-17 00:00:00+01:00,15.829999923706055,16.1200008392334,15.619999885559082,16.049999237060547,717207
2026-03-18 00:00:00+01:00,16.100000381469727,16.5,15.739999771118164,15.869999885559082,1059717
2026-03-19 00:00:00+01:00,15.779999732971191,15.869999885559082,15.420000076293945,15.6899995803833,1091000
2026-03-20 00:00:00+01:00,15.9399995803833,16.100000381469727,15.600000381469727,15.729999542236328,1635545
2026-03-23 00:00:00+01:00,15.420000076293945,16.399999618530273,15.199999809265137,16.209999084472656,1146069
2026-03-24 00:00:00+01:00,16.440000534057617,16.440000534057617,15.880000114440918,16.020000457763672,593790
2026-03-25 00:00:00+01:00,16.18000030517578,16.549999237060547,15.989999771118164,16.25,665584
2026-03-26 00:00:00+01:00,16.5,16.5,16.0,16.15999984741211,551100
2026-03-27 00:00:00+01:00,16.3799991607666,16.3799991607666,15.829999923706055,16.290000915527344,737544
2026-03-30 00:00:00+02:00,16.280000686645508,16.280000686645508,15.800000190734863,16.06999969482422,499596
2026-03-31 00:00:00+02:00,16.06999969482422,16.479999542236328,16.06999969482422,16.34000015258789,539619
2026-04-01 00:00:00+02:00,16.520000457763672,16.8700008392334,16.510000228881836,16.760000228881836,635701
2026-04-02 00:00:00+02:00,16.549999237060547,16.920000076293945,16.329999923706055,16.850000381469727,512287
2026-04-07 00:00:00+02:00,16.850000381469727,17.600000381469727,16.81999969482422,17.139999389648438,498190
2026-04-08 00:00:00+02:00,17.565000534057617,18.7549991607666,17.540000915527344,18.670000076293945,1243408
2026-04-09 00:00:00+02:00,18.670000076293945,18.684999465942383,18.350000381469727,18.55500030517578,830755
2026-04-10 00:00:00+02:00,18.5,19.3700008392334,18.5,19.25,1097958
2026-04-13 00:00:00+02:00,19.239999771118164,19.239999771118164,18.760000228881836,18.854999542236328,848505
2026-04-14 00:00:00+02:00,18.989999771118164,19.135000228881836,18.899999618530273,19.100000381469727,493812
2026-04-15 00:00:00+02:00,19.100000381469727,19.100000381469727,18.75,18.954999923706055,929767
2026-04-16 00:00:00+02:00,18.78499984741211,19.0,18.549999237060547,18.81999969482422,717788
2026-04-17 00:00:00+02:00,18.889999389648438,19.30500030517578,18.56999969482422,19.30500030517578,704747
2026-04-20 00:00:00+02:00,18.96500015258789,19.075000762939453,18.795000076293945,18.850000381469727,468027
2026-04-21 00:00:00+02:00,19.5,19.799999237060547,18.684999465942383,18.764999389648438,417751
2026-04-22 00:00:00+02:00,18.709999084472656,18.75,18.2549991607666,18.56999969482422,474012
2026-04-23 00:00:00+02:00,18.53499984741211,18.53499984741211,18.075000762939453,18.270000457763672,189392
2026-04-24 00:00:00+02:00,17.959999084472656,18.135000228881836,17.6299991607666,17.954999923706055,927877
2026-04-27 00:00:00+02:00,17.954999923706055,17.954999923706055,17.540000915527344,17.670000076293945,426970
2026-04-28 00:00:00+02:00,18.15999984741211,18.350000381469727,17.920000076293945,18.170000076293945,766752
2026-04-29 00:00:00+02:00,17.899999618530273,18.450000762939453,17.799999237060547,17.979999542236328,768585
2026-04-30 00:00:00+02:00,18.239999771118164,18.239999771118164,17.690000534057617,17.850000381469727,1036430
2026-05-04 00:00:00+02:00,17.94499969482422,18.360000610351562,17.81999969482422,18.104999542236328,512044
2026-05-05 00:00:00+02:00,17.934999465942383,18.06999969482422,17.69499969482422,17.920000076293945,619136
2026-05-06 00:00:00+02:00,17.934999465942383,18.84000015258789,17.934999465942383,18.799999237060547,585849
2026-05-07 00:00:00+02:00,18.799999237060547,18.889999389648438,18.31999969482422,18.545000076293945,550499
2026-05-08 00:00:00+02:00,18.75,18.75,18.03499984741211,18.049999237060547,378004
2026-05-11 00:00:00+02:00,18.049999237060547,18.389999389648438,17.93000030517578,18.100000381469727,415536
2026-05-12 00:00:00+02:00,18.114999771118164,18.114999771118164,17.780000686645508,17.90999984741211,735143
2026-05-13 00:00:00+02:00,17.924999237060547,18.235000610351562,17.7549991607666,18.0,386858
2026-05-14 00:00:00+02:00,18.170000076293945,18.639999389648438,18.030000686645508,18.540000915527344,317729
2026-05-15 00:00:00+02:00,18.375,18.415000915527344,18.15999984741211,18.25,437336
2026-05-18 00:00:00+02:00,18.25,18.450000762939453,17.905000686645508,18.399999618530273,336232
2026-05-19 00:00:00+02:00,18.489999771118164,18.584999084472656,17.959999084472656,18.104999542236328,540579
2026-05-20 00:00:00+02:00,18.375,18.700000762939453,18.010000228881836,18.559999465942383,463706
2026-05-21 00:00:00+02:00,18.704999923706055,18.975000381469727,18.4950008392334,18.59000015258789,534241
2026-05-22 00:00:00+02:00,18.645000457763672,19.315000534057617,18.645000457763672,19.040000915527344,764798
2026-05-25 00:00:00+02:00,19.200000762939453,19.924999237060547,19.190000534057617,19.795000076293945,559434
2026-05-26 00:00:00+02:00,19.790000915527344,19.989999771118164,19.670000076293945,19.75,621991
2026-05-27 00:00:00+02:00,19.8799991607666,20.25,19.825000762939453,19.899999618530273,446904
2026-05-28 00:00:00+02:00,19.704999923706055,20.110000610351562,19.56999969482422,19.84000015258789,545612
2026-05-29 00:00:00+02:00,19.84000015258789,20.270000457763672,19.84000015258789,19.854999542236328,1837392
2026-06-01 00:00:00+02:00,19.850000381469727,19.899999618530273,19.200000762939453,19.200000762939453,896595
2026-06-02 00:00:00+02:00,19.399999618530273,19.549999237060547,18.829999923706055,18.844999313354492,686531
2026-06-03 00:00:00+02:00,18.899999618530273,19.350000381469727,18.584999084472656,19.030000686645508,1424498
2026-06-05 00:00:00+02:00,19.334999084472656,19.334999084472656,18.665000915527344,18.815000534057617,703722
2026-06-08 00:00:00+02:00,18.915000915527344,19.270000457763672,18.524999618530273,19.270000457763672,797283
2026-06-09 00:00:00+02:00,19.239999771118164,19.934999465942383,19.18000030517578,19.485000610351562,816128
2026-06-10 00:00:00+02:00,19.600000381469727,19.600000381469727,19.014999389648438,19.295000076293945,807473
2026-06-11 00:00:00+02:00,19.5,19.5049991607666,19.125,19.170000076293945,723888
2026-06-12 00:00:00+02:00,19.469999313354492,20.389999389648438,19.469999313354492,20.040000915527344,1274369
2026-06-15 00:00:00+02:00,20.5,20.790000915527344,20.149999618530273,20.190000534057617,864284
2026-06-16 00:00:00+02:00,20.100000381469727,20.989999771118164,20.100000381469727,20.899999618530273,886550
2026-06-17 00:00:00+02:00,21.0,21.299999237060547,20.8700008392334,20.920000076293945,1044103
2026-06-18 00:00:00+02:00,20.920000076293945,21.079999923706055,20.59000015258789,20.6200008392334,1198518
2026-06-19 00:00:00+02:00,20.950000762939453,20.950000762939453,20.110000610351562,20.450000762939453,6183262
2026-06-22 00:00:00+02:00,20.450000762939453,20.709999084472656,19.639999389648438,19.764999389648438,843838
2026-06-23 00:00:00+02:00,19.94499969482422,19.954999923706055,19.530000686645508,19.895000457763672,610432
2026-06-24 00:00:00+02:00,20.290000915527344,20.290000915527344,19.665000915527344,19.889999389648438,465282
2026-06-25 00:00:00+02:00,20.239999771118164,20.239999771118164,19.479999542236328,19.649999618530273,993011
2026-06-26 00:00:00+02:00,19.625,19.774999618530273,19.299999237060547,19.524999618530273,412006
2026-06-29 00:00:00+02:00,19.450000762939453,19.524999618530273,19.204999923706055,19.399999618530273,455306
2026-06-30 00:00:00+02:00,19.405000686645508,19.55500030517578,18.950000762939453,19.55500030517578,1301490
2026-07-01 00:00:00+02:00,19.68000030517578,19.68000030517578,19.200000762939453,19.639999389648438,766534
2026-07-02 00:00:00+02:00,19.354999542236328,19.934999465942383,19.354999542236328,19.774999618530273,571248
2026-07-03 00:00:00+02:00,19.94499969482422,19.950000762939453,19.65999984741211,19.834999084472656,244290
2026-07-06 00:00:00+02:00,19.860000610351562,20.209999084472656,19.815000534057617,19.985000610351562,445684
2026-07-07 00:00:00+02:00,19.989999771118164,20.110000610351562,19.639999389648438,19.950000762939453,746693
2026-07-08 00:00:00+02:00,20.1200008392334,20.309999465942383,19.674999237060547,20.020000457763672,841919
2026-07-09 00:00:00+02:00,20.0,20.68000030517578,20.0,20.15999984741211,708392
2026-07-10 00:00:00+02:00,20.1200008392334,20.90999984741211,20.1200008392334,20.809999465942383,639444
2026-07-13 00:00:00+02:00,20.760000228881836,21.09000015258789,20.610000610351562,20.84000015258789,495700
2026-07-14 00:00:00+02:00,21.09000015258789,21.09000015258789,20.15999984741211,20.799999237060547,727568
2026-07-15 00:00:00+02:00,20.940000534057617,20.940000534057617,20.299999237060547,20.360000610351562,693720
2026-07-16 00:00:00+02:00,20.25,20.600000381469727,19.924999237060547,20.100000381469727,548738
2026-07-17 00:00:00+02:00,20.100000381469727,20.219999313354492,19.2549991607666,19.485000610351562,723872
2026-07-20 00:00:00+02:00,19.71500015258789,20.25,19.485000610351562,19.885000228881836,565631
2026-07-21 00:00:00+02:00,20.239999771118164,20.770000457763672,20.049999237060547,20.459999084472656,768165
2026-07-22 00:00:00+02:00,20.739999771118164,20.739999771118164,19.799999237060547,19.979999542236328,765142
2026-07-23 00:00:00+02:00,19.950000762939453,19.975000381469727,19.5,19.575000762939453,662306
2026-07-24 00:00:00+02:00,19.690000534057617,19.969999313354492,19.5,19.5049991607666,449382
2026-07-27 00:00:00+02:00,19.719999313354492,19.940000534057617,19.5049991607666,19.559999465942383,305461
2026-07-28 00:00:00+02:00,19.71500015258789,20.040000915527344,19.354999542236328,19.415000915527344,425604
2026-07-29 00:00:00+02:00,19.459999084472656,20.06999969482422,19.459999084472656,19.78499984741211,694300
2026-07-30 00:00:00+02:00,19.78499984741211,20.309999465942383,19.6299991607666,20.299999237060547,913664
2026-07-31 00:00:00+02:00,20.020000457763672,20.65999984741211,20.010000228881836,20.65999984741211,1300822
2026-08-03 00:00:00+02:00,20.799999237060547,20.850000381469727,20.190000534057617,20.690000534057617,1061961
2026-08-04 00:00:00+02:00,20.75,21.290000915527344,20.5,21.1299991607666,1519589
2026-08-05 00:00:00+02:00,21.239999771118164,21.239999771118164,20.520000457763672,20.549999237060547,696424
2026-08-06 00:00:00+02:00,20.780000686645508,21.1299991607666,20.690000534057617,20.799999237060547,859371
2026-08-07 00:00:00+02:00,20.799999237060547,20.959999084472656,20.469999313354492,20.579999923706055,586986
2026-08-10 00:00:00+02:00,20.920000076293945,20.920000076293945,20.299999237060547,20.719999313354492,545261
2026-08-11 00:00:00+02:00,20.690000534057617,20.950000762939453,20.59000015258789,20.59000015258789,408735
2026-08-12 00:00:00+02:00,20.719999313354492,20.760000228881836,20.43000030517578,20.649999618530273,391066
2026-08-13 00:00:00+02:00,20.520000457763672,21.0,20.360000610351562,20.90999984741211,508089
2026-08-14 00:00:00+02:00,20.850000381469727,21.190000534057617,20.600000381469727,21.190000534057617,420698
2026-08-17 00:00:00+02:00,21.030000686645508,21.600000381469727,20.299999237060547,21.5,405377
2026-08-18 00:00:00+02:00,21.299999237060547,21.489999771118164,21.1200008392334,21.1200008392334,511601
2026-08-19 00:00:00+02:00,20.8799991607666,21.81999969482422,20.75,21.25,632560
2026-08-20 00:00:00+02:00,21.200000762939453,21.25,20.829999923706055,20.829999923706055,617558
2026-08-21 00:00:00+02:00,20.75,21.31999969482422,20.75,20.889999389648438,561895
